age,tenure_months,monthly_fee,watch_time_hours,support_tickets,promo_received,device_type,country,renew_next_month
42,18,10,45.3,0,0,desktop,Germany,1
55,3,5,12.1,2,1,mobile,UK,1
28,36,10,88.5,0,1,smart_tv,Denmark,1
38,6,20,5.1,2,0,desktop,Spain,0
35,28,20,65.8,2,1,smart_tv,Spain,1
70,1,5,0.5,5,0,mobile,UK,0
22,12,15,25.0,0,1,mobile,Germany,1
48,30,10,70.1,1,0,desktop,Denmark,1
31,15,10,15.0,0,1,smart_tv,Spain,1
60,10,15,55.0,3,0,mobile,UK,1
33,2,10,8.9,1,1,desktop,Germany,1
40,20,5,30.5,1,0,smart_tv,Denmark,1
50,36,15,95.0,1,1,mobile,Spain,1
18,4,20,1.2,0,0,desktop,UK,0
25,8,20,75.0,5,1,desktop,Denmark,1
45,1,15,0.2,0,0,smart_tv,Germany,0
65,24,10,40.0,3,1,mobile,Spain,1
39,18,5,2.1,1,0,desktop,Denmark,0
52,33,10,77.8,0,1,smart_tv,UK,1
41,12,15,60.5,3,1,mobile,Germany,1
30,1,20,0.0,0,0,desktop,Spain,0
26,36,5,99.9,0,1,mobile,Denmark,1
68,10,10,15.0,1,0,smart_tv,UK,1
44,28,15,30.0,0,1,desktop,Germany,1
37,36,20,50.0,2,0,smart_tv,Spain,1
58,3,10,4.8,3,0,mobile,Denmark,0
29,15,5,18.7,0,1,desktop,UK,1
34,22,20,20.0,0,0,smart_tv,Germany,1
51,1,10,0.1,1,0,mobile,Spain,0
20,18,20,80.0,3,1,smart_tv,Denmark,1
46,35,5,90.1,2,1,mobile,UK,1
32,4,15,10.0,0,0,desktop,Germany,1
57,12,10,1.9,1,0,smart_tv,Spain,0
40,3,20,0.7,4,1,mobile,Denmark,0
50,24,15,68.2,1,0,desktop,UK,1
24,36,10,5.0,0,0,smart_tv,Germany,1
62,8,5,15.6,1,1,mobile,Spain,1
35,1,20,0.0,0,0,desktop,Denmark,0
49,28,15,45.0,0,1,smart_tv,UK,1
30,15,20,50.1,2,0,mobile,Germany,1
43,2,10,1.5,0,1,desktop,Spain,1
56,36,5,98.0,0,0,smart_tv,Denmark,1
27,12,15,10.0,0,0,mobile,UK,1
60,4,20,2.5,1,1,desktop,Germany,0
47,18,15,70.0,2,1,smart_tv,Spain,1
38,3,10,1.0,1,0,mobile,Denmark,0
21,30,5,80.0,1,0,desktop,UK,1
44,15,15,1.5,0,0,smart_tv,Germany,0
55,8,10,12.0,0,1,mobile,Spain,1
46,2,20,50.5,1,0,desktop,Denmark,1
30,1,5,0.0,0,0,smart_tv,UK,0
61,36,15,88.0,3,1,mobile,Germany,1
40,18,10,1.2,0,0,desktop,Spain,0
23,5,20,5.0,0,1,smart_tv,Denmark,0
33,10,15,85.0,1,1,desktop,UK,1
66,28,5,3.5,0,0,mobile,Germany,1
25,3,10,2.5,3,0,smart_tv,Spain,0
48,36,10,95.0,0,0,desktop,Denmark,1
37,12,20,1.0,1,1,mobile,UK,0
59,20,15,58.9,1,0,desktop,Germany,1
41,1,15,0.0,0,0,smart_tv,Spain,0
34,18,5,30.0,1,1,mobile,Denmark,1
47,36,10,15.0,0,0,desktop,UK,1
22,4,20,1.0,3,0,smart_tv,Germany,0
40,30,20,72.0,2,1,mobile,Spain,1
63,1,10,0.5,0,1,desktop,Denmark,1
31,10,5,50.0,1,0,smart_tv,UK,1
54,25,15,2.5,1,0,mobile,Germany,0
42,16,10,10.0,0,1,desktop,Spain,1
36,1,20,55.0,1,0,smart_tv,Denmark,1
69,36,5,99.9,0,1,mobile,UK,1
29,8,10,1.2,0,0,desktop,Germany,0
50,12,15,2.5,2,0,mobile,Spain,0
35,1,20,0.0,0,1,smart_tv,Denmark,0
48,20,15,90.0,1,0,desktop,UK,1
30,3,5,0.5,2,0,mobile,Germany,0
53,30,10,35.0,0,1,smart_tv,Spain,1
24,15,20,10.0,1,0,desktop,Denmark,0
40,12,5,15.0,0,1,mobile,UK,1
68,36,15,50.5,2,1,smart_tv,Germany,1
31,2,10,0.0,1,0,desktop,Spain,0
55,28,5,77.5,1,0,mobile,Denmark,1
42,10,15,1.0,0,0,smart_tv,UK,0
37,5,20,2.0,0,1,desktop,Germany,0
45,3,20,95.0,1,0,mobile,Spain,1
50,20,5,15.0,0,1,smart_tv,Denmark,1
64,1,10,0.5,0,0,desktop,UK,0
39,36,15,80.0,0,1,mobile,Germany,1
26,5,20,0.1,0,0,smart_tv,Spain,0
43,12,20,50.0,2,1,desktop,Denmark,1
33,2,10,0.0,1,1,mobile,UK,0
58,28,5,40.0,0,0,smart_tv,Germany,1
47,10,15,10.0,0,1,desktop,Spain,1
20,3,20,0.5,0,0,mobile,Denmark,0
49,36,15,99.0,0,1,desktop,UK,1
65,1,5,0.0,0,0,smart_tv,Germany,0
32,18,10,3.5,3,0,mobile,Spain,0
44,36,20,15.0,0,1,desktop,Denmark,1
51,10,5,10.0,0,0,smart_tv,UK,1
38,25,20,60.0,1,1,desktop,Germany,1
29,1,15,29.7,0,0,desktop,Spain,1
35,23,10,59.2,0,0,mobile,Spain,1
33,8,5,34.7,0,0,mobile,Denmark,1
42,23,15,50.1,0,1,desktop,Spain,1
31,29,20,3.4,1,0,mobile,UK,0
45,15,5,21.0,0,0,mobile,UK,1
52,34,10,67.2,0,0,mobile,UK,1
30,27,10,60.1,0,1,mobile,UK,1
45,13,10,32.1,0,0,mobile,UK,1
58,7,20,3.4,0,0,mobile,UK,0
43,26,15,66.3,0,1,desktop,Germany,1
48,36,10,75.3,0,1,mobile,Germany,1
50,19,10,41.5,0,1,smart_tv,UK,1
41,36,5,62.7,0,0,desktop,Germany,1
56,12,20,0.8,1,0,desktop,UK,0
34,2,10,20.3,1,1,desktop,Germany,1
40,16,10,37.6,0,0,smart_tv,UK,1
44,31,10,58.7,0,0,desktop,Spain,1
47,30,10,54.4,0,0,mobile,UK,1
48,1,20,1.4,1,0,mobile,Spain,0
31,3,15,25.1,1,1,desktop,Germany,1
42,19,5,43.1,0,0,mobile,Denmark,1
37,12,5,33.6,0,1,desktop,Germany,1
40,17,10,39.5,0,1,mobile,Spain,1
53,34,20,9.9,0,0,smart_tv,Spain,0
36,30,10,58.7,1,0,mobile,Germany,1
39,7,10,22.0,0,0,smart_tv,Spain,1
33,25,15,60.1,0,1,desktop,Germany,1
43,3,10,19.3,1,0,mobile,UK,1
36,15,20,7.7,1,0,mobile,Denmark,0
47,32,10,62.1,0,1,mobile,Spain,1
47,19,5,39.4,0,0,mobile,Germany,1
39,22,15,49.3,0,0,desktop,Denmark,1
46,21,10,46.1,0,1,mobile,UK,1
50,16,20,5.4,1,0,smart_tv,UK,0
50,25,5,58.7,0,1,mobile,Spain,1
47,36,10,75.6,0,0,mobile,Germany,1
32,14,10,37.1,0,0,mobile,Germany,1
41,10,15,33.2,0,1,desktop,Spain,1
51,9,20,6.8,0,0,mobile,UK,0
43,1,5,19.3,0,0,smart_tv,Denmark,1
49,22,15,49.8,1,1,mobile,Germany,1
37,8,10,27.6,0,1,desktop,Spain,1
38,2,10,17.5,1,0,desktop,UK,1
47,18,20,8.1,0,0,desktop,Germany,0
48,36,10,75.3,0,1,mobile,Germany,1
45,19,5,40.8,0,1,mobile,Germany,1
55,12,15,37.0,0,0,smart_tv,Germany,1
53,33,10,70.3,0,0,mobile,Spain,1
41,26,20,6.7,0,0,desktop,Denmark,0
43,36,15,75.9,0,1,mobile,Spain,1
46,29,10,67.2,0,1,desktop,Denmark,1
30,15,10,34.6,0,0,mobile,Denmark,1
48,33,5,70.9,0,0,smart_tv,UK,1
39,14,15,37.6,0,0,desktop,UK,1
43,25,20,3.7,1,0,mobile,Germany,0
37,1,15,15.6,1,1,mobile,Spain,1
38,35,10,73.0,0,1,desktop,Germany,1
42,21,10,47.7,0,0,smart_tv,Denmark,1
44,25,5,57.9,0,1,mobile,UK,1
38,36,20,9.4,1,0,mobile,Spain,0
40,29,10,63.6,0,0,mobile,Germany,1
49,35,5,72.8,0,1,mobile,UK,1
42,15,15,40.2,0,0,desktop,Denmark,1
51,10,10,29.5,0,0,desktop,Spain,1
46,26,20,5.9,0,0,desktop,Germany,0
37,30,10,63.5,0,1,mobile,Spain,1
36,3,5,20.8,1,1,smart_tv,Denmark,1
41,20,15,45.4,0,0,mobile,UK,1
45,25,10,56.6,0,0,desktop,Spain,1
39,24,20,9.2,0,0,mobile,Denmark,0
46,26,10,57.0,0,0,mobile,Germany,1
31,7,10,24.5,0,1,desktop,UK,1
42,29,10,60.9,0,1,desktop,Denmark,1
44,13,5,30.6,0,0,smart_tv,Spain,1
38,16,20,8.0,1,0,desktop,Spain,0
42,31,15,67.2,0,1,mobile,UK,1
43,22,10,49.6,0,0,mobile,Germany,1
40,36,10,75.3,0,1,desktop,Spain,1
40,15,5,37.1,0,0,mobile,UK,1
42,4,20,5.4,1,0,mobile,UK,0
39,28,5,62.6,0,1,desktop,Germany,1
36,19,10,43.8,0,0,mobile,UK,1
36,21,10,47.7,0,1,smart_tv,Denmark,1
40,1,5,17.0,0,1,desktop,Spain,1
49,17,20,1.7,1,0,mobile,Denmark,0
52,27,15,60.1,0,1,desktop,Germany,1
37,36,10,75.3,0,0,mobile,Denmark,1
39,24,5,55.4,0,1,mobile,UK,1
40,32,10,69.9,0,0,desktop,UK,1
45,9,20,7.0,1,0,mobile,Spain,0
40,15,5,38.6,0,0,desktop,Germany,1
38,35,10,71.9,0,0,smart_tv,Denmark,1
35,27,10,59.8,0,1,mobile,Spain,1
45,19,15,44.5,0,0,mobile,Germany,1
44,30,20,7.3,1,0,desktop,UK,0
47,35,5,74.0,0,1,mobile,Denmark,1
43,22,10,50.8,0,1,mobile,Spain,1
35,13,10,33.4,0,0,desktop,Germany,1
44,30,15,66.8,0,0,mobile,UK,1
40,11,20,4.1,1,0,smart_tv,Germany,0
51,20,5,46.1,0,0,mobile,Denmark,1
41,31,10,67.2,0,0,desktop,Spain,1
39,15,10,37.8,0,1,mobile,Germany,1
44,14,5,37.3,0,1,smart_tv,UK,1
37,22,20,9.8,1,0,mobile,Denmark,0
41,33,10,68.2,0,0,desktop,Spain,1
42,28,10,62.1,0,1,mobile,UK,1
42,1,5,17.0,0,0,mobile,Germany,1
38,30,15,64.9,0,1,smart_tv,UK,1
50,18,20,5.4,1,0,desktop,Germany,0
43,29,5,64.9,0,0,mobile,Spain,1
44,21,10,49.6,0,0,mobile,Germany,1
37,8,15,28.5,0,1,desktop,Denmark,1
43,36,10,75.3,0,1,mobile,Spain,1
41,10,20,6.3,0,0,desktop,Germany,0
45,32,5,69.8,0,1,mobile,UK,1
41,23,10,54.1,0,0,mobile,Denmark,1
38,15,10,38.0,0,1,desktop,Spain,1
41,35,15,70.0,0,0,mobile,Germany,1
44,15,20,4.1,1,0,smart_tv,Denmark,0
41,24,10,73.1,0,1,desktop,UK,1
42,15,10,42.2,0,0,mobile,Denmark,1
43,6,5,20.3,0,0,smart_tv,Germany,1
44,34,20,87.4,1,1,mobile,Spain,1
45,31,5,1.0,0,0,smart_tv,UK,0
46,23,10,63.6,0,0,desktop,Denmark,1
47,14,10,39.7,1,1,mobile,Germany,1
48,5,15,14.8,0,1,smart_tv,Spain,0
49,33,5,88.9,0,1,mobile,UK,1
50,36,10,1.5,0,1,mobile,Spain,0
51,22,10,62.0,0,0,desktop,Denmark,1
52,13,15,36.1,0,0,mobile,Germany,1
53,4,5,13.2,0,1,smart_tv,Spain,1
54,32,10,87.3,0,1,mobile,UK,1
55,30,15,2.0,0,0,desktop,Denmark,0
56,21,10,58.4,1,0,mobile,Germany,1
57,12,20,34.5,0,1,smart_tv,Spain,1
58,3,5,10.6,1,0,mobile,UK,1
59,31,10,85.7,0,1,mobile,Denmark,1
60,36,5,2.5,0,0,mobile,Germany,0
61,20,15,57.8,0,0,desktop,Spain,1
62,11,10,30.9,0,0,mobile,UK,1
63,2,20,7.0,1,1,smart_tv,Denmark,0
64,30,5,83.1,0,0,mobile,Germany,1
65,29,10,3.0,0,1,mobile,Spain,0
66,19,10,55.2,0,1,desktop,UK,1
67,10,15,27.3,0,0,mobile,Denmark,1
68,1,5,4.4,1,1,smart_tv,Germany,1
69,29,20,80.5,1,0,mobile,Spain,1
70,36,10,3.5,1,0,desktop,UK,0
18,18,10,54.6,0,1,mobile,Denmark,1
19,9,5,23.7,0,1,smart_tv,Germany,1
20,36,15,77.8,1,0,mobile,Spain,1
21,27,10,75.9,0,0,mobile,UK,1
22,35,10,4.0,0,1,desktop,Denmark,0
23,17,5,50.0,1,1,mobile,Germany,1
24,8,20,20.1,0,0,smart_tv,Spain,0
25,35,10,74.2,0,1,mobile,UK,1
26,26,15,70.3,0,1,mobile,Denmark,1
27,34,5,4.5,0,0,desktop,Germany,0
28,16,10,46.4,0,0,mobile,Spain,1
29,7,10,17.5,0,1,smart_tv,UK,1
30,34,15,72.6,0,0,mobile,Denmark,1
31,33,20,5.0,0,1,mobile,Germany,0
32,25,10,69.7,0,1,desktop,Spain,1
33,15,5,45.8,0,0,mobile,UK,1
34,6,10,14.9,0,0,smart_tv,Denmark,1
35,28,15,0.0,0,1,mobile,Germany,0
36,36,5,71.9,0,0,mobile,Spain,1
37,24,10,68.0,0,1,desktop,UK,1
38,14,20,41.1,0,0,mobile,Denmark,1
39,5,10,12.2,0,1,smart_tv,Germany,1
40,31,10,0.5,0,0,mobile,Spain,0
41,35,5,70.3,0,1,mobile,UK,1
42,23,15,66.4,0,0,desktop,Denmark,1
43,13,10,37.5,1,1,mobile,Germany,1
44,4,10,9.6,0,0,smart_tv,Spain,1
45,33,5,68.7,0,1,mobile,UK,1
46,30,20,1.0,0,0,mobile,Denmark,0
47,22,10,62.8,1,0,desktop,Germany,1
48,12,15,33.9,0,1,mobile,Spain,1
49,3,5,7.0,1,0,smart_tv,UK,1
50,32,10,67.1,0,1,mobile,Denmark,1
51,36,15,1.5,0,0,mobile,Germany,0
52,21,20,61.2,1,0,desktop,Spain,1
53,11,10,30.3,0,0,mobile,UK,1
54,2,5,5.4,1,1,smart_tv,Denmark,1
55,31,10,65.5,0,0,mobile,Germany,1
56,29,10,2.0,0,1,mobile,Spain,0
57,20,15,57.6,1,1,desktop,UK,1
58,10,5,26.7,0,0,mobile,Denmark,1
59,1,20,3.8,1,1,smart_tv,Germany,0
60,28,15,62.9,0,0,mobile,Spain,1
61,36,10,2.5,0,1,desktop,UK,0
62,19,5,53.0,0,1,mobile,Denmark,1
63,9,10,23.1,0,0,smart_tv,Germany,1
64,36,20,60.2,0,1,mobile,Spain,1
65,28,10,3.0,0,0,mobile,UK,0
66,18,15,50.1,0,0,desktop,Denmark,1
67,8,5,20.2,0,1,mobile,Germany,1
68,35,10,57.3,0,0,smart_tv,Spain,1
69,27,10,55.4,0,1,mobile,UK,1
70,35,15,3.5,0,0,mobile,Denmark,0
18,17,5,47.5,0,1,desktop,Germany,1
19,7,20,17.6,0,0,mobile,Spain,0
20,34,10,52.7,0,1,smart_tv,UK,1
21,26,15,50.8,0,0,mobile,Denmark,1
22,27,5,4.0,0,1,mobile,Germany,0
23,16,10,43.9,0,0,desktop,Spain,1
24,6,10,14.0,0,1,mobile,UK,1
25,33,20,49.1,1,0,smart_tv,Denmark,1
26,25,5,47.2,0,1,mobile,Germany,1
27,32,10,4.5,0,0,mobile,Spain,0
28,15,15,40.3,0,1,desktop,UK,1
29,5,10,11.4,0,0,mobile,Denmark,1
30,32,5,46.5,0,1,smart_tv,Germany,1
31,30,10,5.0,0,0,mobile,Spain,0
32,24,20,44.6,1,1,mobile,UK,1
33,14,10,36.7,0,0,desktop,Denmark,1
34,4,15,8.8,0,1,mobile,Germany,1
35,31,5,42.8,0,0,smart_tv,Spain,1
36,29,10,0.0,0,1,mobile,UK,0
37,23,10,60.9,1,0,mobile,Denmark,1
38,13,5,34.0,0,1,desktop,Germany,1
39,3,20,6.1,1,0,mobile,Spain,0
40,30,10,39.2,0,1,smart_tv,UK,1
41,34,15,0.5,0,0,mobile,Denmark,0
42,22,5,58.3,0,0,mobile,Germany,1
43,12,10,31.4,0,1,desktop,Spain,1
44,2,10,3.5,1,0,mobile,UK,0
45,33,20,56.5,1,1,smart_tv,Denmark,1
46,31,10,1.0,0,0,mobile,Germany,0
47,21,15,52.6,0,0,mobile,Spain,1
48,11,5,28.7,0,1,desktop,UK,1
49,1,10,1.6,2,0,mobile,Denmark,0
50,36,10,1.5,0,1,smart_tv,Germany,0
51,30,5,50.8,0,1,mobile,Spain,1
52,20,20,47.9,0,0,mobile,UK,1
53,10,10,26.0,0,1,desktop,Denmark,1
54,36,15,45.1,1,0,mobile,Germany,1
55,28,5,2.0,0,1,smart_tv,Spain,0
56,27,10,46.2,0,0,mobile,UK,1
57,19,10,43.3,0,1,mobile,Denmark,1
58,9,20,23.4,0,0,desktop,Germany,0
59,35,5,41.5,0,1,mobile,Spain,1
60,33,15,2.5,0,0,smart_tv,UK,0
61,26,10,40.6,0,0,mobile,Denmark,1
62,18,10,37.7,0,1,mobile,Germany,1
63,8,5,21.8,0,0,desktop,Spain,1
64,34,20,38.9,0,1,mobile,UK,1
65,32,10,3.0,0,0,smart_tv,Denmark,0
41,15,10,32.7,0,0,mobile,UK,1
49,32,10,74.9,0,1,desktop,Germany,1
31,22,5,43.1,1,0,mobile,Denmark,1
55,25,10,60.1,0,0,smart_tv,Spain,1
60,36,15,87.0,1,1,smart_tv,UK,1
28,3,10,16.2,2,0,mobile,Germany,0
36,14,5,27.6,0,0,mobile,Spain,1
44,9,10,29.5,0,1,desktop,Denmark,1
37,1,15,10.1,1,1,mobile,UK,1
27,28,10,58.7,1,0,smart_tv,Germany,1
34,19,10,37.1,0,0,desktop,Spain,1
48,34,10,69.8,0,1,mobile,Denmark,1
39,10,5,27.8,1,1,smart_tv,UK,1
62,24,10,42.6,0,0,mobile,Germany,1
53,12,20,55.4,0,1,smart_tv,Spain,1
32,2,10,4.1,1,0,desktop,Denmark,0
30,27,5,63.8,1,1,mobile,UK,1
45,16,15,37.9,0,0,mobile,Germany,1
51,36,10,79.5,0,1,desktop,Spain,1
43,2,20,85.1,2,0,smart_tv,Denmark,1
40,13,10,30.5,0,0,mobile,UK,1
25,7,5,15.3,1,1,mobile,Germany,1
33,31,10,68.7,1,0,desktop,Spain,1
57,6,10,17.5,0,0,smart_tv,Denmark,1
38,30,15,58.4,0,0,smart_tv,UK,1
50,11,10,28.3,0,1,mobile,Germany,1
47,20,5,44.5,0,0,desktop,Spain,1
29,4,15,16.0,0,1,mobile,Denmark,1
35,26,10,54.9,0,0,mobile,UK,1
42,17,20,60.5,0,1,smart_tv,Germany,1
65,35,10,75.8,0,1,desktop,Spain,1
24,8,5,21.6,0,0,mobile,Denmark,1
46,29,15,56.4,1,0,mobile,UK,1
31,5,10,13.9,1,1,smart_tv,Germany,1
52,1,10,0.8,2,0,smart_tv,Spain,0
36,21,5,48.0,0,0,desktop,Denmark,1
40,18,10,37.5,0,1,mobile,UK,1
58,33,10,70.2,1,0,mobile,Germany,1
27,12,5,28.5,0,0,smart_tv,Spain,1
44,2,10,81.3,2,1,smart_tv,Denmark,1
48,15,10,33.1,0,0,desktop,UK,1
39,10,15,23.3,0,1,mobile,Germany,1
62,25,10,50.8,1,0,mobile,Spain,1
53,36,5,79.9,0,0,desktop,Denmark,1
32,1,20,4.5,1,0,smart_tv,UK,0
30,28,10,61.2,0,1,smart_tv,Germany,1
45,16,5,36.4,0,0,mobile,Spain,1
51,9,15,24.2,1,1,mobile,Denmark,1
43,3,10,12.9,1,0,desktop,UK,0
40,32,20,67.4,0,0,smart_tv,Germany,1
25,13,10,27.2,0,0,mobile,Spain,1
33,7,5,18.3,0,1,desktop,Denmark,1
57,22,10,44.4,0,0,mobile,UK,1
38,31,15,63.8,0,1,smart_tv,Germany,1
29,4,10,83.3,1,0,smart_tv,Spain,1
35,17,5,37.1,0,0,mobile,Denmark,1
42,26,10,55.4,0,1,desktop,UK,1
65,35,15,67.8,1,0,mobile,Germany,1
24,8,5,20.3,0,1,smart_tv,Spain,1
46,29,10,60.1,0,0,mobile,Denmark,1
31,5,20,12.5,1,0,desktop,UK,0
52,1,10,79.5,1,1,smart_tv,Germany,1
36,21,5,44.1,0,1,mobile,Spain,1
40,18,10,41.5,0,0,smart_tv,Denmark,1
58,33,10,67.2,0,1,desktop,UK,1
27,12,15,48.7,1,0,smart_tv,Germany,1
44,2,5,87.0,1,0,smart_tv,Spain,1
48,15,10,30.2,0,1,mobile,Denmark,1
39,10,10,26.6,0,0,desktop,UK,1
62,25,15,62.5,0,1,smart_tv,Germany,1
53,36,5,76.9,0,0,mobile,Spain,1
32,1,10,3.7,1,0,mobile,Denmark,0
30,28,10,61.3,1,0,smart_tv,UK,1
45,16,20,58.7,0,1,smart_tv,Germany,1
51,9,5,20.2,0,0,desktop,Spain,1
43,3,10,12.3,1,1,mobile,Denmark,1
40,32,15,65.5,0,0,smart_tv,UK,1
25,13,10,28.1,0,1,mobile,Germany,1
33,7,5,17.6,0,0,desktop,Spain,1
57,22,10,42.1,0,1,smart_tv,Denmark,1
38,31,10,64.6,1,0,smart_tv,UK,1
29,4,15,88.5,2,1,smart_tv,Germany,1
35,17,5,37.5,0,1,mobile,Spain,1
42,26,10,55.3,0,0,desktop,Denmark,1
65,35,15,69.1,1,1,mobile,UK,1
24,8,20,80.3,0,0,smart_tv,Germany,1
46,29,10,61.1,0,1,mobile,Spain,1
31,5,5,15.1,0,0,desktop,Denmark,1
52,1,15,5.0,1,0,smart_tv,UK,0
36,21,10,44.9,0,1,smart_tv,Germany,1
40,18,5,37.9,0,0,mobile,Spain,1
58,33,10,68.1,1,0,desktop,Denmark,1
27,12,10,26.5,0,1,smart_tv,UK,1
44,2,15,89.2,2,0,smart_tv,Germany,1
48,15,5,33.6,0,0,mobile,Spain,1
39,10,10,27.2,0,1,desktop,Denmark,1
62,25,15,60.5,1,0,smart_tv,UK,1
53,36,20,75.8,0,1,smart_tv,Germany,1
32,1,10,87.8,2,0,smart_tv,Spain,1
30,28,5,60.9,1,1,mobile,Denmark,1
45,16,10,36.6,0,0,desktop,UK,1
51,9,15,24.8,0,1,mobile,Germany,1
43,3,5,12.0,2,0,desktop,Spain,0
40,32,10,65.1,0,1,smart_tv,Denmark,1
25,13,15,30.2,0,0,mobile,UK,1
33,7,10,18.2,0,1,desktop,Germany,1
57,22,5,42.6,0,0,smart_tv,Spain,1
38,31,20,63.9,0,0,smart_tv,Denmark,1
29,4,10,87.5,1,1,smart_tv,UK,1
35,17,15,38.0,0,0,mobile,Germany,1
42,26,10,55.7,1,1,desktop,Spain,1
65,35,5,70.1,0,0,mobile,Denmark,1
24,8,10,82.3,1,1,smart_tv,UK,1
46,29,15,59.9,0,0,mobile,Germany,1
31,5,10,13.5,1,1,desktop,Spain,1
52,1,5,4.6,2,0,smart_tv,Denmark,0
36,21,15,46.5,0,0,smart_tv,UK,1
40,18,10,37.0,0,1,mobile,Germany,1
58,33,5,69.5,0,0,desktop,Spain,1
27,12,15,27.6,1,0,smart_tv,Denmark,1
44,2,20,86.8,2,1,smart_tv,UK,1
48,15,10,33.0,0,1,mobile,Germany,1
39,10,5,27.8,0,0,desktop,Spain,1
62,25,10,61.4,0,0,smart_tv,Denmark,1
53,36,15,78.5,1,1,smart_tv,UK,1
32,1,20,85.8,2,0,smart_tv,Germany,1
30,28,10,61.4,0,0,mobile,Spain,1
45,16,5,37.1,0,1,desktop,Denmark,1
51,9,10,24.5,0,0,mobile,UK,1
43,3,15,12.8,1,1,desktop,Germany,1
40,32,10,66.0,0,0,smart_tv,Spain,1
42,12,10,35.8,0,0,mobile,Germany,1
55,28,15,75.1,0,1,desktop,UK,1
25,4,5,15.6,1,0,smart_tv,Denmark,1
33,20,10,52.3,0,1,mobile,Spain,1
28,33,15,1.5,0,1,desktop,Spain,0
60,2,20,8.9,2,0,desktop,Germany,0
49,15,10,40.7,0,1,mobile,Denmark,1
37,36,5,88.0,0,0,smart_tv,UK,1
19,7,10,21.4,1,0,mobile,Spain,0
55,36,10,0.5,0,0,smart_tv,UK,0
45,9,10,30.2,0,1,desktop,Germany,1
63,1,5,1.1,0,0,mobile,Spain,0
31,18,10,55.4,1,0,mobile,Denmark,1
39,30,15,65.9,0,1,desktop,Germany,1
19,30,5,0.0,1,1,mobile,Denmark,0
51,24,20,45.0,0,0,smart_tv,UK,1
44,14,10,38.5,0,0,mobile,Spain,1
27,3,5,10.3,1,1,mobile,Germany,1
68,11,15,29.8,0,1,desktop,UK,1
35,34,10,1.0,0,0,mobile,Germany,0
41,6,20,18.2,0,0,smart_tv,Denmark,0
58,27,10,70.3,0,1,desktop,Spain,1
47,8,5,24.5,0,0,mobile,UK,1
32,16,10,44.1,2,1,mobile,Germany,0
69,31,15,0.1,0,0,smart_tv,Denmark,0
22,1,5,0.8,1,0,desktop,Spain,0
38,19,15,50.5,0,1,mobile,UK,1
53,3,10,12.6,2,0,desktop,Germany,0
46,29,5,80.7,0,1,smart_tv,Denmark,1
29,35,10,2.0,0,1,mobile,UK,1
67,10,10,33.5,0,0,desktop,Spain,1
40,22,20,58.1,1,1,mobile,Germany,1
20,5,5,18.9,0,0,smart_tv,UK,1
50,17,15,48.6,1,0,mobile,Denmark,1
43,32,5,1.2,0,0,desktop,Spain,0
36,25,10,60.2,0,1,mobile,Germany,1
65,13,15,37.0,1,0,smart_tv,UK,0
24,2,10,6.7,2,1,desktop,Denmark,0
57,21,5,54.9,0,0,mobile,Spain,1
34,33,10,0.4,0,0,smart_tv,UK,0
48,26,10,68.8,0,1,mobile,Germany,1
70,6,20,20.1,0,0,desktop,Spain,0
21,14,5,40.8,0,0,smart_tv,Denmark,1
61,9,15,28.5,1,1,mobile,UK,1
18,31,20,0.9,0,0,desktop,Germany,0
52,7,10,23.4,0,0,mobile,Spain,1
23,18,10,49.3,1,1,smart_tv,Denmark,1
30,24,5,62.0,0,0,desktop,UK,1
64,4,15,16.5,0,1,mobile,Germany,1
59,28,10,1.7,0,1,mobile,Spain,1
41,16,20,46.3,0,0,smart_tv,Denmark,1
26,11,5,33.9,1,0,desktop,UK,1
33,35,15,0.2,0,0,mobile,Germany,0
66,2,10,7.4,1,0,mobile,Spain,0
54,23,5,59.5,0,1,smart_tv,UK,1
35,1,10,2.5,1,0,desktop,Denmark,0
47,19,20,53.0,0,1,mobile,Germany,1
56,27,10,1.4,0,0,desktop,Spain,0
42,15,15,42.4,1,0,smart_tv,UK,1
68,8,5,26.2,0,1,mobile,Denmark,1
25,3,10,11.9,2,0,desktop,Germany,0
37,30,15,0.8,0,1,mobile,UK,1
49,17,10,48.0,0,0,smart_tv,Spain,1
31,36,5,95.5,0,1,mobile,Denmark,1
39,10,20,31.8,1,0,desktop,Germany,0
51,29,10,1.1,0,0,smart_tv,Spain,0
44,4,5,15.0,0,1,mobile,UK,1
27,20,15,53.6,1,0,desktop,Denmark,1
63,12,10,36.5,0,1,mobile,Germany,1
33,32,5,1.9,0,1,smart_tv,Spain,1
60,25,20,64.1,0,0,desktop,UK,1
45,13,10,38.0,1,0,mobile,Denmark,1
22,2,5,5.8,2,1,smart_tv,Germany,0
55,26,15,67.4,0,1,desktop,Spain,1
58,34,10,0.6,0,0,mobile,UK,0
36,14,10,40.0,0,0,desktop,Denmark,1
65,22,5,56.5,0,1,mobile,Germany,1
24,5,15,19.8,1,0,smart_tv,Spain,0
40,3,20,10.9,2,1,mobile,UK,0
43,31,10,0.3,0,0,desktop,Denmark,0
30,18,5,49.5,0,1,mobile,Germany,1
67,16,10,45.6,1,0,smart_tv,Spain,1
20,1,20,4.5,1,0,desktop,UK,0
50,29,15,1.8,0,0,mobile,Denmark,0
28,24,10,61.5,0,1,smart_tv,Germany,1
61,7,5,23.9,0,0,desktop,Spain,1
41,15,10,43.2,1,0,mobile,UK,1
53,33,15,1.6,0,0,smart_tv,Denmark,0
34,13,20,39.0,0,1,mobile,Germany,1
69,21,5,55.6,0,0,desktop,Spain,1
21,3,10,10.0,1,0,mobile,UK,0
52,35,10,1.3,0,1,smart_tv,Denmark,1
46,8,15,26.8,1,1,mobile,Germany,1
23,28,5,77.2,0,0,desktop,Spain,1
64,19,20,51.5,0,0,smart_tv,UK,1
36,27,10,0.7,0,0,mobile,Denmark,0
48,1,5,3.2,1,1,desktop,Germany,0
70,22,15,57.1,0,1,mobile,Spain,1
25,11,10,32.5,0,0,smart_tv,UK,1
57,36,5,1.0,0,0,desktop,Denmark,0
38,4,10,13.3,0,0,mobile,Germany,0
50,20,20,54.0,0,1,smart_tv,Spain,1
32,17,5,46.9,1,0,desktop,UK,1
66,15,10,41.6,0,1,mobile,Denmark,1
26,30,15,0.5,0,1,smart_tv,Germany,1
40,6,5,20.7,0,0,desktop,Spain,1
44,24,10,60.8,0,0,mobile,UK,1
59,12,20,34.3,1,1,smart_tv,Denmark,0
18,31,10,0.0,0,0,desktop,Germany,0
62,9,5,29.5,0,1,mobile,Spain,1
28,2,15,8.1,1,0,desktop,UK,0
41,23,10,58.8,0,1,smart_tv,Denmark,1
65,34,10,1.7,0,0,mobile,Germany,0
33,16,20,45.4,0,0,desktop,Spain,1
55,7,5,22.1,1,1,mobile,UK,1
42,3,15,9.2,1,0,smart_tv,Denmark,0
58,32,10,1.5,0,1,desktop,Germany,1
29,25,5,66.2,0,0,mobile,Spain,1
47,14,10,40.5,1,0,desktop,UK,1
31,36,20,85.0,0,1,smart_tv,Denmark,1
49,10,10,31.0,0,1,mobile,Germany,1
44,1,5,4.1,1,0,desktop,Spain,0
27,26,15,69.8,0,0,mobile,UK,1
63,30,10,0.0,0,0,smart_tv,Denmark,0
42,15,10,38.5,0,0,mobile,UK,1
32,7,15,12.1,1,1,desktop,Germany,0
55,2,5,8.8,2,0,smart_tv,Spain,1
28,30,10,65.4,1,1,mobile,Denmark,1
35,3,15,5.1,4,0,mobile,Germany,0
50,25,10,20.2,0,0,desktop,UK,1
44,18,5,45.9,0,1,smart_tv,Spain,1
38,1,20,1.5,1,0,mobile,Denmark,0
61,10,10,55.7,2,1,desktop,Germany,1
65,36,20,85.0,5,1,smart_tv,Spain,1
22,6,5,15.6,0,0,mobile,UK,1
47,14,10,33.3,1,0,desktop,Denmark,1
30,28,15,70.1,0,1,mobile,Germany,1
40,22,20,10.5,0,0,smart_tv,Spain,0
58,15,5,15.0,4,1,desktop,UK,0
49,3,10,18.0,2,1,mobile,Denmark,1
25,9,10,5.8,0,0,mobile,Germany,1
39,33,5,92.2,0,1,smart_tv,Spain,1
70,11,15,28.6,1,0,desktop,UK,1
19,36,10,95.5,5,0,mobile,Denmark,1
45,8,20,1.2,0,1,mobile,Germany,0
53,20,5,40.0,0,0,desktop,Spain,1
31,16,10,50.8,1,1,smart_tv,UK,1
62,4,15,18.9,0,0,mobile,Denmark,1
27,18,10,30.5,4,1,desktop,Germany,0
41,12,10,25.0,0,0,mobile,Spain,1
36,29,5,78.1,1,1,smart_tv,UK,1
51,7,15,4.5,1,0,desktop,Denmark,0
46,35,20,60.9,2,0,mobile,Germany,1
68,1,15,0.5,4,0,smart_tv,Spain,0
20,10,10,30.0,0,1,mobile,UK,1
43,24,5,55.0,0,0,desktop,Denmark,1
34,17,20,45.1,1,1,mobile,Germany,1
56,31,10,80.6,0,0,smart_tv,Spain,1
29,5,15,10.3,4,0,mobile,UK,0
48,2,10,3.7,1,0,desktop,Denmark,0
60,19,5,39.4,0,1,mobile,Germany,1
37,34,15,98.7,1,0,smart_tv,Spain,1
23,6,20,2.2,1,1,desktop,UK,0
59,26,10,58.8,5,1,mobile,Denmark,1
33,13,5,18.0,0,0,mobile,Germany,1
54,3,15,1.0,2,1,desktop,Spain,0
67,21,10,48.2,0,1,smart_tv,UK,1
26,8,20,15.0,0,0,mobile,Denmark,0
44,16,10,35.7,4,0,desktop,Germany,0
52,30,5,75.3,0,1,mobile,Spain,1
30,1,15,0.8,1,0,smart_tv,UK,0
40,27,10,62.0,2,0,desktop,Denmark,1
63,14,10,31.1,4,1,mobile,Germany,0
24,9,5,20.0,0,1,mobile,Spain,1
47,32,20,70.0,1,0,smart_tv,UK,1
38,4,10,6.9,1,1,desktop,Denmark,1
69,18,15,40.0,5,0,mobile,Germany,0
55,11,5,25.5,0,0,mobile,Spain,1
31,25,10,55.0,1,1,smart_tv,UK,1
42,2,20,1.1,2,0,desktop,Denmark,0
21,12,15,25.0,4,1,mobile,Germany,0
57,36,10,88.0,0,0,mobile,Spain,1
35,23,5,50.0,1,1,smart_tv,UK,1
49,10,20,4.5,0,0,desktop,Denmark,0
66,3,10,7.5,4,0,mobile,Germany,0
33,19,5,42.1,0,1,mobile,Spain,1
45,31,15,75.0,1,0,smart_tv,UK,1
28,6,10,15.3,0,0,desktop,Denmark,1
50,28,20,50.0,4,1,mobile,Germany,1
39,7,5,10.0,0,1,mobile,Spain,1
61,34,10,95.0,1,0,smart_tv,UK,1
22,1,15,0.2,2,0,desktop,Denmark,0
46,20,5,40.5,4,0,mobile,Germany,0
53,13,20,20.1,0,1,mobile,Spain,0
30,36,10,80.0,0,0,smart_tv,UK,1
64,8,15,15.0,1,0,desktop,Denmark,0
18,22,10,45.0,5,1,mobile,Germany,0
41,5,5,12.0,0,0,mobile,Spain,1
36,29,20,65.0,1,1,smart_tv,UK,1
51,4,10,5.5,1,0,desktop,Denmark,0
29,17,5,30.0,4,1,mobile,Germany,0
43,33,15,78.5,0,0,mobile,Spain,1
60,2,10,2.5,2,1,smart_tv,UK,1
37,24,5,55.0,1,0,desktop,Denmark,1
54,15,10,30.0,4,0,mobile,Germany,0
48,11,20,15.0,0,1,mobile,Spain,0
62,30,15,70.0,1,0,smart_tv,UK,1
25,7,5,15.5,0,0,desktop,Denmark,1
70,36,10,99.0,5,1,mobile,Germany,1
40,3,15,5.0,1,0,mobile,Spain,0
55,26,5,60.0,0,1,smart_tv,UK,1
32,18,20,35.0,0,0,desktop,Denmark,0
44,9,10,20.0,4,1,mobile,Germany,0
65,35,15,85.0,1,0,mobile,Spain,1
31,14,5,30.1,0,0,smart_tv,UK,1
58,1,20,0.1,1,1,desktop,Denmark,0
23,29,10,65.0,5,0,mobile,Germany,1
47,6,5,15.0,0,1,mobile,Spain,1
38,21,15,45.0,1,0,smart_tv,UK,1
68,13,10,25.0,0,1,desktop,Denmark,1
19,32,20,80.0,4,1,mobile,Germany,1
45,8,5,18.0,0,0,mobile,Spain,1
53,27,10,60.1,1,0,smart_tv,UK,1
30,3,15,5.0,1,0,desktop,Denmark,0
64,24,5,50.0,4,0,mobile,Germany,0
41,16,20,30.0,0,1,mobile,Spain,0
36,11,10,22.2,0,0,smart_tv,UK,1
51,33,15,75.0,1,1,desktop,Denmark,1
29,5,5,10.0,5,0,mobile,Germany,0
43,28,10,65.0,0,0,mobile,Spain,1
60,4,20,5.0,1,0,smart_tv,UK,0
37,20,15,40.0,0,1,desktop,Denmark,1
54,13,10,25.0,4,0,mobile,Germany,0
48,36,5,90.0,1,1,mobile,Spain,1
62,18,20,35.0,0,0,smart_tv,UK,0
25,2,10,3.0,2,0,desktop,Denmark,0
70,30,15,70.0,5,0,mobile,Germany,1
65,5,5,1.8,1,1,mobile,Denmark,0
29,2,5,0.0,2,1,mobile,Denmark,0
34,14,10,21.3,0,0,desktop,Germany,1
48,30,10,85.1,0,1,smart_tv,UK,1
19,7,5,2.5,4,1,mobile,Denmark,0
23,13,10,8.0,0,1,smart_tv,Denmark,1
39,22,10,16.9,0,0,mobile,Germany,1
44,2,15,42.0,1,0,mobile,Spain,1
52,36,20,100.0,0,1,desktop,UK,1
44,13,5,72.0,4,0,desktop,Germany,1
35,29,10,5.9,0,0,desktop,Spain,1
37,1,15,3.7,1,0,desktop,UK,0
43,16,10,9.4,0,1,mobile,UK,1
51,3,5,14.8,0,0,mobile,Denmark,1
35,34,5,87.7,0,0,mobile,Germany,1
21,3,10,20.3,1,1,desktop,Spain,1
36,8,10,0.8,0,1,desktop,UK,0
54,27,5,58.7,0,0,smart_tv,Denmark,1
63,24,10,3.9,1,0,desktop,Germany,0
60,22,5,4.5,4,1,smart_tv,Spain,0
30,1,10,0.3,1,1,mobile,UK,0
38,19,15,30.6,0,0,mobile,Denmark,1
41,36,10,10.7,0,0,mobile,Germany,1
50,15,15,60.9,0,1,desktop,Spain,1
28,18,5,67.8,4,0,smart_tv,UK,1
47,4,20,1.4,0,0,desktop,Denmark,0
31,25,5,0.7,1,1,desktop,Germany,0
33,3,10,15.6,0,1,mobile,Spain,1
46,11,10,5.2,0,0,smart_tv,UK,0
26,31,5,52.8,5,1,mobile,Denmark,0
39,2,15,5.9,1,0,smart_tv,Germany,0
43,17,10,23.1,0,1,desktop,Spain,1
55,1,20,0.2,2,0,mobile,UK,0
53,10,5,11.2,0,1,mobile,Denmark,1
40,9,5,5.9,5,0,desktop,Germany,0
67,28,10,92.7,0,1,desktop,Spain,1
25,35,10,3.4,0,0,smart_tv,UK,1
31,15,10,20.9,0,0,mobile,Denmark,1
49,6,20,1.2,1,1,mobile,Germany,0
32,20,5,95.8,4,1,smart_tv,Spain,1
61,26,15,7.3,0,0,desktop,UK,0
27,3,10,1.1,1,0,desktop,Denmark,0
35,12,15,70.8,0,0,mobile,Germany,1
38,33,5,10.9,0,0,mobile,Spain,1
57,16,10,2.2,0,1,smart_tv,UK,0
37,21,5,60.1,5,1,desktop,Denmark,1
42,8,10,1.9,0,1,mobile,Germany,0
30,23,10,44.5,0,0,smart_tv,Spain,1
45,2,15,1.7,2,1,desktop,UK,0
59,36,20,88.0,0,0,mobile,Denmark,1
33,32,5,4.8,4,1,mobile,Germany,0
34,10,10,4.1,0,0,desktop,Spain,0
47,1,5,0.4,1,0,smart_tv,UK,0
24,18,10,9.6,0,1,mobile,Denmark,1
68,29,5,98.7,0,0,desktop,Germany,1
41,4,10,1.5,0,1,mobile,Spain,0
48,7,20,2.1,0,0,smart_tv,UK,0
20,2,5,3.4,4,1,mobile,Denmark,0
36,36,15,40.5,1,1,desktop,Germany,1
50,27,5,5.7,0,1,mobile,Spain,1
33,13,10,15.1,0,0,mobile,UK,1
42,17,10,40.1,0,0,smart_tv,Denmark,1
28,24,5,89.2,4,0,desktop,Germany,1
44,5,15,6.8,0,1,desktop,Spain,0
51,31,10,10.1,0,0,mobile,UK,1
35,11,5,9.0,0,1,mobile,Denmark,1
64,1,15,0.1,4,0,smart_tv,Germany,0
32,20,10,30.5,0,1,desktop,Spain,1
39,3,20,0.8,1,0,mobile,UK,0
58,14,10,8.7,0,0,mobile,Denmark,0
40,25,5,8.1,4,1,desktop,Germany,0
43,16,10,55.4,0,1,smart_tv,Spain,1
52,30,10,1.6,1,0,mobile,UK,0
29,6,5,3.3,0,1,mobile,Denmark,1
36,3,10,5.1,4,0,desktop,Germany,0
48,22,15,80.2,0,1,mobile,Spain,1
69,18,5,10.3,0,0,smart_tv,UK,1
40,36,10,100.0,0,1,desktop,Denmark,1
34,2,5,0.4,5,0,mobile,Germany,0
46,19,20,1.8,0,1,mobile,Spain,0
54,8,10,4.5,0,1,desktop,UK,0
31,32,10,1.3,1,0,smart_tv,Denmark,0
45,17,5,3.9,4,1,mobile,Germany,0
49,35,10,11.2,0,1,desktop,Spain,1
37,28,10,20.4,0,0,mobile,UK,1
26,9,15,1.0,0,0,smart_tv,Denmark,0
62,5,5,8.0,4,0,mobile,Germany,0
30,21,10,60.1,0,1,desktop,Spain,1
42,2,10,0.3,1,0,mobile,UK,0
55,10,20,1.1,0,1,mobile,Denmark,0
70,36,5,99.1,0,1,smart_tv,Germany,1
33,30,15,30.9,0,0,desktop,Spain,1
47,16,10,5.6,0,1,mobile,UK,0
38,26,5,8.3,4,1,mobile,Denmark,0
40,12,10,65.5,0,0,desktop,Germany,1
43,1,10,0.1,1,1,mobile,Spain,0
52,23,15,20.3,0,1,smart_tv,UK,1
35,34,20,4.1,0,0,desktop,Denmark,0
61,3,5,7.4,4,0,mobile,Germany,0
30,15,10,42.0,0,1,mobile,Spain,1
42,20,10,3.7,0,0,smart_tv,UK,0
55,7,10,1.2,0,1,desktop,Denmark,0
40,27,5,5.0,4,1,mobile,Germany,0
43,36,10,90.1,0,0,mobile,Spain,1
52,28,20,5.9,0,1,smart_tv,UK,0
35,11,10,6.8,0,0,mobile,Denmark,0
64,18,5,70.1,4,0,desktop,Germany,1
32,3,15,2.1,1,1,smart_tv,Spain,0
39,24,10,10.9,0,1,mobile,UK,1
58,2,20,0.7,2,0,desktop,Denmark,0
40,31,5,1.4,4,1,mobile,Germany,0
43,13,10,5.5,0,0,smart_tv,Spain,0
52,9,15,2.2,0,1,mobile,UK,0
35,19,10,15.1,0,1,mobile,Denmark,1
64,33,5,10.8,5,0,desktop,Germany,0
32,16,10,0.5,0,0,mobile,Spain,0
39,29,15,55.4,0,1,smart_tv,UK,1
58,4,10,5.3,0,0,mobile,Denmark,0
42,21,10,38.5,0,0,mobile,Germany,1
35,7,10,20.8,0,1,desktop,UK,1
51,36,5,62.1,0,1,smart_tv,Denmark,1
28,3,15,15.3,1,0,mobile,Spain,0
55,12,15,25.0,4,1,desktop,Spain,1
30,18,20,31.2,1,0,mobile,UK,1
60,28,10,58.7,0,0,desktop,Germany,1
45,1,10,11.5,0,1,smart_tv,Denmark,1
39,14,10,35.8,0,0,mobile,Spain,1
22,26,15,48.1,5,1,mobile,UK,0
48,17,10,30.1,0,1,desktop,Germany,1
65,4,20,18.9,0,0,smart_tv,Denmark,0
31,10,10,22.4,0,0,mobile,Spain,1
44,33,5,75.3,1,1,desktop,UK,1
25,6,10,19.5,4,1,desktop,Germany,0
50,2,5,8.1,1,0,mobile,Denmark,1
37,23,10,45.6,0,0,mobile,Spain,1
41,15,10,28.0,0,1,mobile,UK,1
58,8,15,22.2,0,0,desktop,Germany,1
62,19,15,35.7,5,1,smart_tv,Denmark,0
33,29,5,68.4,0,0,mobile,Spain,1
46,13,10,27.5,1,1,desktop,UK,1
20,31,10,70.2,0,0,smart_tv,Germany,1
53,5,20,12.0,0,1,mobile,Denmark,0
40,22,10,42.8,4,1,mobile,Spain,0
38,16,5,33.6,0,0,desktop,UK,1
49,35,15,55.1,0,1,mobile,Germany,1
27,9,10,21.0,0,1,mobile,Denmark,1
68,2,15,7.4,1,0,smart_tv,Spain,0
34,25,20,46.5,5,1,desktop,UK,0
43,11,10,24.8,0,0,mobile,Germany,1
29,30,5,70.0,0,1,smart_tv,Denmark,1
57,6,10,18.0,0,0,desktop,Spain,1
47,27,15,52.3,1,0,mobile,UK,1
61,3,5,10.5,4,1,mobile,Germany,0
32,24,10,48.9,0,1,desktop,Denmark,1
59,19,15,36.2,0,0,mobile,Spain,1
26,1,10,5.7,1,0,smart_tv,UK,0
36,15,10,30.1,0,1,desktop,Germany,1
21,8,20,20.2,5,1,mobile,Denmark,0
64,34,5,79.5,0,0,mobile,Spain,1
52,7,10,20.3,0,1,smart_tv,UK,1
19,21,15,39.8,0,0,desktop,Germany,1
69,13,10,27.9,1,0,mobile,Denmark,1
70,18,10,33.7,4,1,desktop,Spain,0
24,26,5,58.5,0,1,mobile,UK,1
44,3,15,10.1,2,0,smart_tv,Germany,0
54,32,10,72.8,0,0,mobile,Denmark,1
38,10,15,24.3,0,1,desktop,Spain,1
63,14,20,28.5,5,1,mobile,UK,0
56,28,10,60.9,0,0,mobile,Germany,1
30,5,5,15.0,0,0,smart_tv,Denmark,1
41,20,15,40.1,1,1,desktop,Spain,1
45,16,10,31.5,0,0,mobile,UK,1
18,23,5,50.8,4,1,mobile,Germany,1
35,36,10,85.1,0,0,desktop,Denmark,1
42,4,10,12.5,0,1,smart_tv,Spain,1
28,30,15,58.0,0,0,mobile,UK,1
51,9,5,21.0,5,1,desktop,Germany,0
31,2,10,6.8,1,0,mobile,Denmark,0
48,17,20,33.3,0,0,mobile,Spain,1
65,33,5,76.5,0,1,smart_tv,UK,1
39,12,10,24.5,4,1,desktop,Germany,0
22,15,10,30.5,0,0,mobile,Denmark,1
58,25,15,49.0,1,0,mobile,Spain,1
33,6,10,19.8,0,1,smart_tv,UK,1
46,31,5,70.8,5,1,desktop,Germany,1
50,1,10,5.1,2,0,mobile,Denmark,0
37,29,10,65.5,4,1,mobile,Spain,1
41,13,15,26.2,0,0,desktop,UK,1
60,20,10,37.8,0,1,smart_tv,Germany,1
24,8,20,21.5,0,0,mobile,Denmark,0
62,27,15,52.0,4,1,mobile,Spain,1
30,3,5,10.1,0,0,desktop,UK,1
55,11,10,23.4,0,1,mobile,Germany,1
40,35,15,60.1,0,0,smart_tv,Denmark,1
47,19,10,36.5,5,1,mobile,Spain,0
34,14,5,30.0,0,0,desktop,UK,1
63,32,10,74.0,0,1,mobile,Germany,1
29,7,15,20.9,0,0,smart_tv,Denmark,1
59,26,20,50.8,4,1,desktop,Spain,0
36,2,10,6.1,1,1,mobile,UK,0
43,23,15,44.5,0,0,mobile,Germany,1
27,18,5,34.0,0,0,smart_tv,Denmark,1
68,10,10,22.1,5,1,mobile,Spain,0
49,34,10,78.5,0,1,desktop,UK,1
53,5,15,17.5,4,1,mobile,Germany,0
31,3,20,10.0,1,0,smart_tv,Denmark,0
57,28,5,65.0,0,0,mobile,Spain,1
26,21,10,41.2,1,1,desktop,UK,1
61,16,15,30.5,5,1,mobile,Germany,0
32,9,5,20.0,0,0,smart_tv,Denmark,1
44,36,10,88.0,0,0,mobile,Spain,1
50,4,10,13.5,1,1,desktop,UK,1
35,13,20,27.0,4,1,mobile,Germany,0
42,22,5,48.0,0,0,smart_tv,Denmark,1
48,17,10,32.5,0,0,mobile,Spain,1
65,31,15,65.0,0,1,desktop,UK,1
20,6,10,18.0,5,1,mobile,Germany,0
51,29,5,68.0,0,0,smart_tv,Denmark,1
31,1,15,4.5,1,0,mobile,Spain,0
45,24,10,48.0,0,1,desktop,UK,1
39,15,20,29.5,4,1,mobile,Germany,0
58,8,10,21.0,0,0,smart_tv,Denmark,1
33,27,5,62.1,0,1,mobile,Spain,1
46,2,10,7.0,1,0,desktop,UK,0
60,19,15,37.1,5,1,mobile,Germany,0
24,33,10,75.0,0,0,smart_tv,Denmark,1
55,14,5,29.5,0,1,mobile,Spain,1
30,7,10,21.5,0,0,desktop,UK,1
41,22,15,42.0,4,1,mobile,Germany,0
45,36,10,90.5,0,0,smart_tv,Denmark,1
52,11,5,24.5,0,1,mobile,Spain,1
69,3,20,10.5,1,0,desktop,UK,0
21,30,10,68.0,5,1,mobile,Germany,1
54,17,15,33.0,0,0,smart_tv,Denmark,1
38,10,10,22.0,4,1,mobile,Spain,0
63,28,5,64.5,0,0,desktop,UK,1
47,16,10,30.0,5,1,mobile,Germany,0
34,5,15,16.5,0,0,smart_tv,Denmark,1
29,24,10,45.0,0,1,mobile,Spain,1
57,32,5,72.5,0,0,desktop,UK,1
36,1,10,4.5,4,1,mobile,Germany,0
43,20,20,37.0,0,0,smart_tv,Denmark,1
48,15,5,30.5,0,1,mobile,Spain,1
65,9,15,23.5,0,0,desktop,UK,1
20,26,10,50.0,5,1,mobile,Germany,1
45,12,10,38.5,1,0,mobile,Denmark,1
30,30,10,65.2,1,1,desktop,Spain,1
55,1,15,10.5,0,0,smart_tv,Germany,1
40,24,5,70.0,0,1,mobile,UK,1
22,3,5,18.2,2,1,desktop,UK,1
33,18,10,45.8,0,0,mobile,Denmark,1
60,36,20,75.1,1,1,smart_tv,Spain,1
28,5,10,25.4,0,0,mobile,Germany,1
42,9,5,32.9,1,1,desktop,Denmark,1
70,1,20,5.0,0,1,smart_tv,Germany,0
35,22,15,55.7,2,1,mobile,UK,1
48,15,10,40.1,1,0,mobile,Spain,1
19,7,10,28.6,0,1,desktop,Denmark,1
38,28,5,80.4,0,0,mobile,Germany,1
50,2,15,15.1,1,1,smart_tv,Spain,1
65,10,10,35.3,0,1,desktop,UK,1
25,33,5,88.0,0,0,mobile,Denmark,1
44,14,10,42.6,0,0,desktop,Germany,1
31,6,10,26.9,1,1,mobile,Spain,1
47,1,10,22.5,1,1,mobile,UK,1
39,19,15,48.3,0,0,smart_tv,Denmark,1
52,31,5,85.1,0,1,desktop,Germany,1
20,4,20,20.7,0,0,mobile,Spain,0
46,11,10,37.0,1,0,smart_tv,UK,1
68,3,20,10.0,1,1,desktop,Denmark,0
37,26,10,72.5,1,0,mobile,Germany,1
58,16,5,43.4,0,1,mobile,Spain,1
29,8,15,30.2,0,0,desktop,UK,1
41,29,10,78.9,1,1,smart_tv,Denmark,1
34,2,5,20.0,0,1,mobile,Germany,1
62,13,20,39.1,2,0,mobile,Spain,0
27,21,10,52.8,1,1,desktop,UK,1
49,35,5,95.5,0,0,smart_tv,Denmark,1
53,17,15,44.2,1,0,mobile,Germany,1
24,3,10,25.0,1,1,smart_tv,Spain,1
43,25,5,75.3,0,1,mobile,UK,1
57,11,10,36.7,1,0,desktop,Denmark,1
32,23,15,57.9,2,0,mobile,Germany,1
69,6,10,28.0,0,1,smart_tv,Spain,1
26,34,20,90.1,1,0,desktop,UK,1
18,1,5,15.0,1,1,mobile,Denmark,1
51,15,10,41.5,0,0,mobile,Germany,1
40,7,10,29.3,1,1,desktop,Spain,1
59,32,5,86.8,0,0,smart_tv,UK,1
36,10,15,35.8,0,1,mobile,Denmark,1
70,2,15,18.0,1,1,desktop,Germany,1
23,27,10,74.2,0,1,mobile,Spain,1
45,14,5,42.1,0,0,desktop,UK,1
54,9,20,34.5,1,0,smart_tv,Denmark,0
61,3,10,28.0,1,1,mobile,Germany,1
30,20,15,50.4,2,1,mobile,Spain,1
56,12,5,39.0,0,0,desktop,UK,1
38,36,10,98.7,0,1,smart_tv,Denmark,1
42,4,20,25.0,0,0,mobile,Germany,0
67,2,5,15.0,1,1,desktop,Spain,1
48,18,10,46.0,0,1,mobile,UK,1
21,30,15,82.2,1,0,smart_tv,Denmark,1
33,1,10,10.0,2,1,desktop,Germany,0
50,16,10,43.1,0,0,mobile,Spain,1
35,8,5,31.8,1,1,mobile,UK,1
64,28,20,76.5,1,0,smart_tv,Denmark,1
44,3,15,12.5,1,1,mobile,Germany,0
29,24,10,68.1,0,1,desktop,Spain,1
53,19,5,47.5,0,0,mobile,UK,1
41,11,10,36.1,0,0,smart_tv,Denmark,1
25,1,20,5.0,1,1,desktop,Germany,0
60,33,5,90.0,0,1,mobile,Spain,1
47,26,15,69.5,1,0,mobile,UK,1
31,5,10,24.3,0,0,smart_tv,Denmark,1
66,3,5,15.0,0,1,mobile,Germany,1
43,22,20,55.0,1,1,desktop,Spain,1
58,17,10,44.5,0,0,mobile,UK,1
28,35,15,94.0,1,1,desktop,Denmark,1
49,2,10,20.0,1,1,smart_tv,Germany,1
37,13,5,40.0,0,0,mobile,Spain,1
55,29,10,78.0,0,1,desktop,UK,1
24,6,20,30.1,2,0,mobile,Denmark,0
70,1,15,10.0,1,1,smart_tv,Germany,0
40,21,5,51.5,0,1,mobile,Spain,1
32,15,10,42.8,1,0,desktop,UK,1
63,36,10,99.9,0,0,mobile,Denmark,1
52,3,20,20.0,1,1,desktop,Germany,0
46,17,5,45.1,0,1,smart_tv,Spain,1
34,10,15,37.5,1,0,mobile,UK,1
68,27,5,73.0,0,0,desktop,Denmark,1
20,2,10,18.0,1,1,mobile,Germany,1
48,14,20,40.0,0,0,smart_tv,Spain,0
36,8,10,30.5,1,1,mobile,UK,1
57,31,15,85.5,0,1,desktop,Denmark,1
23,3,5,22.0,0,1,mobile,Germany,1
41,19,10,48.0,1,0,smart_tv,Spain,1
54,7,10,28.5,0,1,mobile,UK,1
30,25,20,70.5,1,0,desktop,Denmark,1
19,1,5,5.0,2,1,mobile,Germany,0
45,34,15,92.1,0,0,smart_tv,Spain,1
60,16,10,44.0,0,1,mobile,UK,1
38,23,5,59.9,1,0,desktop,Denmark,1
42,3,10,20.0,0,1,mobile,Germany,1
51,30,20,81.0,1,0,smart_tv,Spain,1
27,9,5,33.3,1,1,desktop,UK,1
65,12,15,38.0,0,0,mobile,Denmark,1
70,1,20,15.0,1,1,mobile,Germany,0
33,26,10,71.1,0,1,smart_tv,Spain,1
50,20,5,50.0,1,0,desktop,UK,1
44,18,10,47.1,0,1,mobile,Denmark,1
58,2,5,20.0,0,1,desktop,Germany,1
25,36,15,98.0,1,0,smart_tv,Spain,1
47,13,10,39.5,0,0,mobile,UK,1
31,5,20,28.0,2,1,desktop,Denmark,0
62,3,15,15.0,1,1,mobile,Germany,0
39,24,5,65.0,0,1,smart_tv,Spain,1
56,17,10,45.0,0,0,desktop,UK,1
46,29,15,77.5,1,0,mobile,Denmark,1
28,1,10,10.0,1,1,desktop,Germany,1
69,22,5,58.5,0,1,smart_tv,Spain,1
36,8,15,32.0,1,0,mobile,UK,1
41,33,20,89.0,0,0,desktop,Denmark,1
53,3,5,18.0,1,1,mobile,Germany,1
20,14,10,41.0,0,1,smart_tv,Spain,1
45,28,15,75.0,1,0,desktop,UK,1
30,19,5,49.0,0,1,mobile,Denmark,1
61,2,20,10.0,1,1,smart_tv,Germany,0
48,35,10,94.5,0,0,mobile,Spain,1
34,7,10,29.0,1,1,desktop,UK,1
55,16,5,44.0,0,0,mobile,Denmark,1
22,3,15,25.0,1,1,desktop,Germany,1
40,31,10,83.1,0,1,smart_tv,Spain,1
67,20,20,49.5,2,0,mobile,UK,0
44,1,5,10.0,1,1,desktop,Denmark,1
29,27,10,74.0,0,0,mobile,Germany,1
58,15,15,40.0,1,1,smart_tv,Spain,1
36,36,5,95.0,0,0,mobile,UK,1
50,18,10,46.5,0,1,desktop,Denmark,1
66,3,20,15.0,2,1,mobile,Germany,0
45,21,20,74.8,1,1,desktop,Germany,1
45,19,5,70.7,0,1,desktop,Spain,1
44,16,10,65.1,0,0,desktop,UK,1
43,14,10,61.0,0,0,desktop,Denmark,1
42,10,20,30.0,5,1,mobile,Germany,1
41,11,10,51.1,0,1,mobile,Spain,1
40,8,10,45.4,0,1,mobile,UK,1
39,6,10,39.5,0,1,mobile,Denmark,1
38,3,10,33.6,0,1,mobile,Germany,1
37,10,20,30.0,5,1,smart_tv,Spain,1
36,34,5,94.0,0,0,smart_tv,UK,1
35,32,5,90.0,0,0,smart_tv,Denmark,1
34,30,5,86.0,0,0,desktop,Germany,1
33,27,5,82.1,0,0,desktop,Spain,1
32,10,20,30.0,5,1,desktop,UK,1
31,25,10,76.1,0,1,desktop,Denmark,1
30,23,10,72.3,0,1,mobile,Germany,1
29,21,10,68.5,0,1,mobile,Spain,1
28,19,15,64.8,1,0,mobile,UK,1
27,10,20,30.0,5,1,smart_tv,Denmark,1
26,17,15,61.1,0,0,smart_tv,Germany,1
25,15,10,57.5,0,0,smart_tv,Spain,1
24,13,10,54.0,1,0,desktop,UK,1
24,11,10,50.5,1,0,desktop,Denmark,1
23,10,20,30.0,5,1,desktop,Germany,1
23,9,5,45.4,0,1,mobile,Spain,1
22,7,5,41.8,0,1,mobile,UK,1
22,5,5,38.3,0,1,mobile,Denmark,1
22,3,5,34.8,0,1,mobile,Germany,1
22,10,20,30.0,5,1,smart_tv,Spain,1
23,1,10,31.4,2,0,smart_tv,UK,0
23,36,10,98.0,0,0,smart_tv,Denmark,1
24,34,10,94.0,0,0,desktop,Germany,1
25,32,15,90.0,1,0,desktop,Spain,1
26,10,20,30.0,5,1,desktop,UK,1
27,30,15,86.0,0,1,mobile,Denmark,1
28,27,20,82.1,0,1,mobile,Germany,1
29,25,20,78.3,0,1,mobile,Spain,1
30,23,20,74.5,0,0,mobile,UK,1
31,10,20,30.0,5,1,smart_tv,Denmark,1
32,21,15,70.8,0,0,smart_tv,Germany,1
33,19,10,67.2,0,0,smart_tv,Spain,1
34,17,10,63.6,0,0,desktop,UK,1
35,15,10,60.1,1,0,desktop,Denmark,1
36,10,20,30.0,5,1,desktop,Germany,1
37,13,5,56.6,0,1,mobile,Spain,1
38,11,5,53.2,1,1,mobile,UK,1
39,9,5,49.9,0,1,mobile,Denmark,1
40,7,10,46.5,0,0,mobile,Germany,1
41,10,20,30.0,5,1,smart_tv,Spain,1
42,5,10,43.2,0,0,smart_tv,UK,1
43,3,10,39.9,1,0,smart_tv,Denmark,0
44,1,15,36.6,2,0,desktop,Germany,0
45,36,20,99.6,0,0,desktop,Spain,1
45,10,20,30.0,5,1,desktop,UK,1
45,34,20,95.8,0,1,mobile,Denmark,1
45,32,15,92.0,0,1,mobile,Germany,1
44,30,15,88.2,0,1,mobile,Spain,1
43,27,10,84.5,0,0,mobile,UK,1
42,10,20,30.0,5,1,smart_tv,Denmark,1
41,25,10,80.8,0,0,smart_tv,Germany,1
40,23,5,77.1,0,0,smart_tv,Spain,1
39,21,5,73.5,0,0,desktop,UK,1
38,19,5,69.9,1,0,desktop,Denmark,1
37,10,20,30.0,5,1,desktop,Germany,1
36,17,10,66.4,0,1,mobile,Spain,1
35,15,10,63.0,0,1,mobile,UK,1
34,13,15,59.5,1,0,mobile,Denmark,1
33,11,15,56.1,1,0,mobile,Germany,1
32,10,20,30.0,5,1,smart_tv,Spain,1
31,9,20,52.8,1,0,smart_tv,UK,1
30,7,20,49.5,0,0,smart_tv,Denmark,0
29,5,15,46.2,0,0,desktop,Germany,1
28,3,15,43.0,1,0,desktop,Spain,0
27,10,20,30.0,5,1,desktop,UK,1
26,1,10,39.7,2,1,mobile,Denmark,1
25,36,10,98.6,0,1,mobile,Germany,1
24,34,5,94.8,0,1,mobile,Spain,1
23,32,5,91.0,0,0,mobile,UK,1
22,10,20,30.0,5,1,smart_tv,Denmark,1
21,30,5,87.3,0,0,smart_tv,Germany,1
21,27,10,83.5,0,0,smart_tv,Spain,1
20,25,10,79.8,0,0,desktop,UK,1
20,23,15,76.1,0,0,desktop,Denmark,1
19,10,20,30.0,5,1,desktop,Germany,1
19,21,15,72.5,1,1,mobile,Spain,1
18,19,20,68.9,0,1,mobile,UK,1
18,17,20,65.2,0,1,mobile,Denmark,1
18,15,15,61.6,0,0,mobile,Germany,1
18,10,20,30.0,5,1,smart_tv,Spain,1
19,13,10,58.0,1,0,smart_tv,UK,1
20,11,10,54.5,1,0,smart_tv,Denmark,1
21,9,10,51.0,1,0,desktop,Germany,1
22,7,15,47.6,0,0,desktop,Spain,1
23,10,20,30.0,5,1,desktop,UK,1
24,5,15,44.3,0,1,mobile,Denmark,1
25,3,15,41.1,1,1,mobile,Germany,1
26,1,20,37.9,1,0,mobile,Spain,0
27,36,20,99.8,0,0,mobile,UK,1
28,10,20,30.0,5,1,smart_tv,Denmark,1
29,34,15,96.0,0,1,smart_tv,Germany,1
30,32,10,92.2,0,1,smart_tv,Spain,1
31,30,10,88.4,0,1,desktop,UK,1
32,27,5,84.7,0,0,desktop,Denmark,1
33,10,20,30.0,5,1,desktop,Germany,1
34,25,5,81.0,0,0,mobile,Spain,1
35,23,5,77.3,0,0,mobile,UK,1
36,21,10,73.7,0,0,mobile,Denmark,1
37,19,10,70.1,1,0,mobile,Germany,1
38,10,20,30.0,5,1,smart_tv,Spain,1
39,17,15,66.6,0,1,smart_tv,UK,1
40,15,15,63.1,0,1,smart_tv,Denmark,1
41,13,20,59.7,0,0,desktop,Germany,1
42,11,20,56.4,1,0,desktop,Spain,1
43,10,20,30.0,5,1,desktop,UK,1
44,9,15,53.0,0,1,mobile,Denmark,1
45,7,10,49.7,0,1,mobile,Germany,1
45,5,10,46.4,0,0,mobile,Spain,1
45,3,10,43.1,1,0,mobile,UK,1
44,10,20,30.0,5,1,smart_tv,Denmark,1
43,1,5,39.8,2,0,smart_tv,Germany,1
42,36,5,99.8,0,0,smart_tv,Spain,1
41,34,10,96.0,0,0,desktop,UK,1
40,32,10,92.2,0,0,desktop,Denmark,1
39,10,20,30.0,5,1,desktop,Germany,1
38,30,15,88.4,0,1,mobile,Spain,1
37,27,20,84.7,0,1,mobile,UK,1
36,25,20,81.0,0,1,mobile,Denmark,1
35,23,15,77.3,0,0,mobile,Germany,1
34,10,20,30.0,5,1,smart_tv,Spain,1
33,21,10,73.7,0,0,smart_tv,UK,1
32,19,10,70.1,0,0,smart_tv,Denmark,1
31,17,5,66.6,0,0,desktop,Germany,1
30,15,5,63.1,1,0,desktop,Spain,1
29,10,20,30.0,5,1,desktop,UK,1
28,13,10,59.7,1,1,mobile,Denmark,1
27,11,10,56.4,0,1,mobile,Germany,1
26,9,15,53.0,0,0,mobile,Spain,1
25,7,15,49.7,0,0,mobile,UK,1
24,10,20,30.0,5,1,smart_tv,Denmark,1
44,14,10,35.2,0,0,desktop,Denmark,1
52,28,5,71.1,0,1,mobile,Germany,1
35,5,15,10.5,1,0,smart_tv,Spain,0
40,19,10,48.9,0,0,desktop,UK,1
18,22,10,99.8,1,1,smart_tv,UK,1
27,31,5,85.0,0,1,mobile,Germany,1
60,7,20,15.2,1,0,mobile,Spain,0
48,16,10,42.0,0,1,desktop,Denmark,1
30,3,15,5.9,2,0,mobile,UK,0
70,10,15,0.1,0,0,mobile,Germany,0
42,25,5,65.5,0,1,smart_tv,Spain,1
55,12,10,29.8,1,0,desktop,Denmark,1
38,36,20,80.4,0,1,mobile,UK,1
45,8,10,20.1,0,0,mobile,Germany,1
69,30,10,100.0,1,1,mobile,Spain,1
25,1,5,2.3,1,0,desktop,Denmark,1
58,20,15,50.3,0,1,smart_tv,UK,1
32,15,10,37.7,0,0,mobile,Germany,1
47,29,5,75.8,0,1,mobile,Spain,1
19,17,10,0.5,0,0,desktop,Denmark,0
50,4,20,8.1,1,0,smart_tv,UK,0
36,34,10,90.1,0,1,mobile,Germany,1
41,9,15,22.9,0,0,mobile,Spain,1
53,23,5,60.0,0,1,desktop,Denmark,1
67,6,10,1.5,1,0,mobile,UK,0
20,33,10,88.5,0,1,smart_tv,Germany,1
49,18,5,45.1,0,0,mobile,Spain,1
34,11,20,26.6,1,1,desktop,Denmark,1
57,2,15,4.5,2,0,mobile,UK,0
66,35,10,99.1,0,1,mobile,Germany,1
22,13,5,33.3,0,0,smart_tv,Spain,1
46,27,10,69.5,0,1,desktop,Denmark,1
39,30,20,79.2,0,0,mobile,UK,1
51,6,10,14.0,0,1,mobile,Germany,1
65,24,5,0.0,0,0,smart_tv,Spain,0
24,16,15,40.2,0,1,desktop,Denmark,1
43,3,10,6.8,1,0,mobile,UK,0
54,26,5,67.2,0,1,mobile,Germany,1
64,17,10,43.5,0,0,smart_tv,Spain,1
23,32,20,84.0,0,1,desktop,Denmark,1
63,9,5,99.9,0,0,mobile,UK,1
28,21,15,52.8,0,1,mobile,Germany,1
62,1,10,2.5,1,0,smart_tv,Spain,0
29,18,5,46.2,0,1,desktop,Denmark,1
61,28,10,98.5,0,0,mobile,UK,1
31,7,15,16.5,0,1,mobile,Germany,1
60,22,20,55.4,0,0,smart_tv,Spain,1
33,10,5,25.0,0,1,desktop,Denmark,1
59,36,10,0.0,0,0,mobile,UK,0
35,12,15,30.1,0,1,mobile,Germany,1
58,27,5,69.8,0,0,smart_tv,Spain,1
37,4,10,9.2,1,1,desktop,Denmark,1
18,25,10,95.0,0,0,mobile,UK,1
56,20,20,49.0,0,1,mobile,Germany,1
38,13,5,32.5,0,0,smart_tv,Spain,1
55,31,15,80.0,0,1,desktop,Denmark,1
40,8,10,0.0,0,0,mobile,UK,0
69,15,10,96.2,1,1,mobile,Germany,1
41,29,5,74.5,0,0,smart_tv,Spain,1
53,2,20,3.8,2,1,desktop,Denmark,0
42,17,10,41.5,0,0,mobile,UK,1
70,27,15,99.0,0,1,mobile,Germany,1
43,5,5,12.0,0,0,smart_tv,Spain,1
52,24,10,62.2,0,1,desktop,Denmark,1
44,19,20,47.7,1,0,mobile,UK,0
19,14,10,10.0,0,0,mobile,Germany,0
45,34,5,90.0,0,1,smart_tv,Spain,1
51,7,15,16.9,0,0,desktop,Denmark,1
68,26,10,95.5,0,1,mobile,UK,1
46,23,5,59.9,0,0,mobile,Germany,1
50,11,20,28.1,0,1,smart_tv,Spain,1
47,3,10,7.5,1,0,desktop,Denmark,0
67,36,10,99.5,0,0,mobile,UK,1
48,16,15,39.0,0,1,mobile,Germany,1
49,30,5,77.0,0,0,smart_tv,Spain,1
66,1,10,1.0,1,1,desktop,Denmark,0
20,35,10,98.0,0,0,mobile,UK,1
40,24,20,60.0,0,1,mobile,Germany,1
65,13,5,34.0,0,0,smart_tv,Spain,1
21,6,15,13.5,0,1,desktop,Denmark,1
64,2,10,99.7,1,0,mobile,UK,1
42,28,5,72.5,0,1,mobile,Germany,1
63,19,10,47.9,0,0,smart_tv,Spain,1
22,33,20,86.1,0,0,desktop,Denmark,1
70,5,10,0.5,1,1,mobile,UK,0
44,31,5,82.2,0,0,mobile,Germany,1
62,8,15,18.0,0,1,smart_tv,Spain,1
23,26,10,68.5,0,0,desktop,Denmark,1
18,20,20,1.1,0,1,mobile,UK,0
45,1,5,3.0,2,0,mobile,Germany,0
61,25,10,64.0,0,1,smart_tv,Spain,1
24,14,15,35.0,0,0,desktop,Denmark,1
60,36,5,99.6,0,1,mobile,UK,1
46,7,10,17.0,0,0,mobile,Germany,1
59,32,20,84.8,0,1,smart_tv,Spain,1
25,10,5,24.5,0,0,desktop,Denmark,1
68,29,10,99.4,0,0,mobile,UK,1
47,2,15,4.1,2,1,mobile,Germany,0
58,21,5,54.0,0,0,smart_tv,Spain,1
26,16,10,40.0,0,1,desktop,Denmark,1
57,34,15,0.0,0,0,mobile,UK,0
48,11,5,27.5,0,1,mobile,Germany,1
56,26,20,67.8,0,0,smart_tv,Spain,1
27,3,10,6.5,1,0,desktop,Denmark,0
69,30,10,100.0,0,1,mobile,UK,1
49,23,5,60.1,0,0,mobile,Germany,1
55,18,15,45.9,0,1,smart_tv,Spain,1
28,36,10,92.0,0,0,desktop,Denmark,1
70,15,20,99.3,1,0,mobile,UK,1
50,4,5,9.0,1,1,mobile,Germany,1
54,29,10,75.0,0,0,smart_tv,Spain,1
29,12,15,29.0,0,1,desktop,Denmark,1
68,31,5,0.5,0,0,mobile,UK,0
51,6,20,14.8,0,1,mobile,Germany,1
53,24,10,61.5,0,0,smart_tv,Spain,1
30,17,5,43.0,0,1,desktop,Denmark,1
19,1,10,0.1,2,0,mobile,UK,0
52,35,15,91.0,0,0,mobile,Germany,1
50,9,5,21.0,0,1,smart_tv,Spain,1
31,30,10,78.5,0,0,desktop,Denmark,1
67,22,10,97.5,0,1,mobile,UK,1
69,26,15,76.1,0,0,mobile,Spain,1
42,28,10,75.3,1,1,desktop,UK,1
47,36,10,87.8,0,0,mobile,Germany,1
20,17,10,42.1,0,1,desktop,Denmark,1
60,12,20,83.7,0,1,mobile,UK,1
70,13,5,63.6,0,0,mobile,Denmark,1
55,1,10,20.2,1,0,mobile,Spain,1
31,29,10,66.8,0,0,desktop,Germany,1
55,22,10,50.4,0,1,smart_tv,Denmark,1
41,22,15,87.0,1,1,mobile,Denmark,1
52,16,15,37.5,0,0,mobile,UK,1
67,32,10,75.8,0,0,mobile,Germany,1
27,28,5,62.4,0,0,smart_tv,UK,1
45,35,10,63.8,0,0,desktop,Denmark,1
49,32,15,94.6,0,1,smart_tv,Spain,1
32,18,10,42.1,0,0,mobile,Germany,1
48,17,10,50.7,0,1,desktop,UK,1
28,2,5,20.6,2,0,smart_tv,Denmark,1
41,18,10,55.4,0,0,desktop,Spain,1
31,22,15,87.0,1,1,mobile,UK,1
43,25,10,59.8,0,0,mobile,Germany,1
53,31,10,67.5,0,1,mobile,Spain,1
33,21,10,51.6,1,0,desktop,Denmark,1
29,23,5,46.9,0,1,desktop,UK,1
42,36,5,80.3,0,1,desktop,Denmark,1
46,15,15,42.1,0,0,mobile,Germany,1
49,25,10,58.7,0,0,mobile,Spain,1
60,20,10,52.8,0,1,smart_tv,UK,1
34,23,10,53.6,1,0,desktop,Germany,1
33,36,10,87.8,0,1,mobile,Denmark,1
38,3,15,37.3,1,1,mobile,Spain,1
47,7,10,30.6,0,0,desktop,UK,1
63,32,5,64.9,0,1,smart_tv,Germany,1
52,30,10,69.2,0,0,mobile,Denmark,1
36,30,10,87.0,1,1,mobile,UK,1
56,15,10,39.8,0,0,mobile,Spain,1
37,12,15,41.5,0,0,desktop,Germany,1
41,19,5,42.9,1,1,mobile,Denmark,1
45,15,10,45.9,0,0,smart_tv,UK,1
51,22,15,94.6,0,1,smart_tv,Spain,1
48,22,10,58.7,0,0,mobile,Germany,1
38,30,5,67.5,0,1,desktop,Denmark,1
31,36,10,83.6,0,0,mobile,UK,1
32,28,10,55.4,0,0,mobile,Spain,1
53,11,5,80.3,1,1,desktop,Germany,1
59,27,10,52.8,0,0,mobile,Denmark,1
28,25,15,53.6,1,0,smart_tv,Spain,1
37,2,10,20.2,1,0,desktop,UK,1
41,25,15,60.1,0,0,desktop,Germany,1
38,30,15,94.6,1,1,mobile,Denmark,1
42,15,10,42.1,0,0,mobile,UK,1
67,21,10,50.7,0,1,desktop,Spain,1
27,26,10,62.4,0,0,smart_tv,Germany,1
45,32,10,63.8,0,0,mobile,Denmark,1
31,36,5,87.0,0,1,mobile,UK,1
52,25,15,59.8,1,0,mobile,Spain,1
65,3,10,20.6,1,0,smart_tv,Germany,1
36,26,10,60.1,0,0,desktop,Denmark,1
59,15,10,83.7,0,1,mobile,Spain,1
41,3,15,20.2,1,0,mobile,UK,0
38,15,10,45.9,0,0,desktop,Germany,1
51,1,15,20.6,1,1,smart_tv,Denmark,1
48,18,10,55.4,0,0,mobile,Spain,1
38,22,10,58.7,0,1,desktop,UK,1
56,36,10,87.8,0,1,mobile,Germany,1
41,3,5,87.0,1,1,mobile,Denmark,1
37,31,10,67.5,0,0,desktop,Spain,1
41,10,15,42.9,0,0,mobile,UK,1
45,31,10,69.2,0,0,smart_tv,Germany,1
51,22,5,87.0,0,1,smart_tv,Denmark,1
48,22,15,58.7,1,0,mobile,Spain,1
38,28,10,66.8,0,1,desktop,UK,1
56,29,10,67.5,0,0,mobile,Germany,1
41,25,10,59.8,0,0,desktop,Denmark,1
45,32,10,80.3,0,1,mobile,Spain,1
51,22,10,58.7,0,0,mobile,UK,1
48,36,10,83.6,0,1,desktop,Germany,1
38,25,5,59.8,0,0,mobile,Denmark,1
56,21,15,51.6,0,0,smart_tv,Spain,1
41,15,10,42.1,0,0,mobile,UK,1
45,29,5,87.0,0,1,desktop,Germany,1
51,36,10,87.8,0,1,smart_tv,Denmark,1
48,10,15,42.9,0,0,mobile,Spain,1
38,15,10,45.9,0,0,desktop,UK,1
56,30,5,67.5,0,1,mobile,Germany,1
41,23,10,87.0,1,1,mobile,Denmark,1
45,31,10,69.2,0,0,desktop,Spain,1
51,3,15,20.2,2,0,smart_tv,UK,0
48,36,10,83.6,0,1,mobile,Germany,1
38,31,15,94.6,0,1,mobile,Denmark,1
56,15,10,42.1,0,0,desktop,Spain,1
41,35,10,63.8,0,0,smart_tv,UK,1
45,23,5,80.3,1,1,desktop,Germany,1
51,25,10,59.8,0,0,mobile,Denmark,1
48,21,10,51.6,1,0,smart_tv,Spain,1
38,10,10,42.9,0,0,mobile,UK,1
56,22,10,58.7,0,1,desktop,Germany,1
41,36,10,87.8,0,1,mobile,Denmark,1
45,15,20,42.1,0,0,mobile,Spain,0
51,1,10,20.6,1,0,smart_tv,UK,1
48,20,10,52.8,0,1,desktop,Germany,1
38,23,10,53.6,1,0,mobile,Denmark,1
56,31,10,94.6,0,1,mobile,Spain,1
41,32,15,64.9,0,0,desktop,UK,1
45,29,10,67.5,0,0,smart_tv,Germany,1
51,36,10,83.6,0,1,mobile,Denmark,1
48,35,15,63.8,0,0,mobile,Spain,1
38,15,10,87.0,1,1,desktop,UK,1
56,25,5,59.8,0,0,mobile,Germany,1
41,16,10,37.5,0,0,smart_tv,Denmark,1
45,17,15,50.7,0,0,mobile,Spain,1
51,25,10,80.3,0,1,desktop,UK,1
48,25,10,59.8,0,0,mobile,Germany,1
38,32,10,94.6,0,1,mobile,Denmark,1
56,20,5,52.8,0,0,desktop,Spain,1
41,15,10,42.1,0,0,smart_tv,UK,1
45,28,10,66.8,0,0,mobile,Germany,1
51,36,10,87.8,0,1,mobile,Denmark,1
48,22,15,58.7,1,0,desktop,Spain,1
38,30,10,67.5,0,0,smart_tv,UK,1
56,36,5,83.6,0,1,mobile,Germany,1
41,35,10,94.6,0,1,mobile,Denmark,1
45,15,15,42.1,0,0,desktop,Spain,1
51,3,10,20.2,1,0,smart_tv,UK,1
48,32,10,64.9,0,0,mobile,Germany,1
38,30,10,87.0,0,1,mobile,Denmark,1
42,15,10,40.0,0,0,desktop,Denmark,1
25,3,5,15.5,3,1,mobile,Spain,0
33,32,15,75.2,0,1,smart_tv,UK,1
58,9,10,18.9,1,0,desktop,Germany,1
70,30,15,99.9,0,1,smart_tv,UK,1
45,22,10,55.7,0,0,mobile,Denmark,1
28,7,20,10.3,1,0,mobile,Spain,0
39,18,10,45.1,0,1,desktop,Germany,1
51,28,5,88.4,0,0,smart_tv,Denmark,1
18,1,5,0.1,3,0,mobile,Germany,0
62,12,10,30.5,1,1,desktop,UK,1
35,4,5,20.1,0,0,mobile,Spain,1
48,35,10,60.9,0,1,smart_tv,Denmark,1
21,11,20,5.8,2,0,mobile,Germany,0
69,20,10,99.1,1,0,mobile,Spain,1
44,25,15,42.6,0,1,desktop,UK,1
55,17,10,33.0,1,0,smart_tv,Denmark,1
30,2,5,8.7,1,0,mobile,Germany,1
37,36,5,70.4,0,1,desktop,Spain,1
19,6,20,0.5,2,1,mobile,UK,0
41,14,10,38.2,0,0,desktop,Denmark,1
23,3,5,12.1,0,1,mobile,Germany,1
65,29,15,65.5,0,1,smart_tv,Spain,1
52,10,10,25.8,1,0,desktop,UK,1
70,3,5,99.0,2,1,smart_tv,Denmark,1
40,26,10,58.0,0,0,mobile,Germany,1
27,8,20,8.1,1,0,mobile,Spain,0
38,19,10,48.2,0,1,desktop,UK,1
50,31,5,90.1,0,0,smart_tv,Denmark,1
18,1,15,0.8,2,0,mobile,Germany,0
60,13,10,33.5,1,1,desktop,Spain,1
36,5,5,23.0,0,0,mobile,UK,1
47,34,10,62.1,0,1,smart_tv,Denmark,1
22,12,20,6.5,2,0,mobile,Germany,0
69,18,10,0.2,3,0,mobile,Spain,0
43,24,15,40.1,0,1,desktop,UK,1
56,16,10,35.8,1,0,smart_tv,Denmark,1
31,2,5,9.5,2,0,mobile,Germany,0
37,36,5,72.8,0,1,desktop,Spain,1
70,25,15,99.8,0,0,mobile,UK,1
41,15,10,39.5,0,0,desktop,Denmark,1
24,4,5,17.1,0,1,mobile,Germany,1
64,30,15,68.1,0,1,smart_tv,Spain,1
53,11,10,27.5,1,0,desktop,UK,1
19,2,5,1.1,4,0,smart_tv,Denmark,0
40,27,10,59.9,0,0,mobile,Germany,1
26,9,20,9.3,1,0,mobile,Spain,0
39,20,10,50.1,0,1,desktop,UK,1
51,32,5,92.5,0,0,smart_tv,Denmark,1
69,10,20,99.7,0,1,mobile,Germany,1
61,14,10,36.5,1,1,desktop,Spain,1
34,6,5,26.1,0,0,mobile,UK,1
46,33,10,64.1,0,1,smart_tv,Denmark,1
20,13,20,7.2,2,0,mobile,Germany,0
18,35,5,0.0,2,0,desktop,Spain,0
42,23,15,38.5,1,1,desktop,UK,1
57,17,10,37.5,1,0,smart_tv,Denmark,1
32,1,5,7.8,3,0,mobile,Germany,0
38,36,5,75.0,0,1,desktop,Spain,1
69,1,10,99.4,1,0,mobile,UK,1
41,16,10,41.2,0,0,desktop,Denmark,1
25,5,5,19.5,0,1,mobile,Germany,1
63,31,15,70.0,0,1,smart_tv,Spain,1
54,12,10,29.2,1,0,desktop,UK,1
70,2,20,0.9,3,0,smart_tv,Denmark,0
40,28,10,61.5,0,0,mobile,Germany,1
27,10,20,10.1,1,0,mobile,Spain,0
39,21,10,52.5,0,1,desktop,UK,1
50,33,5,94.0,0,0,smart_tv,Denmark,1
18,7,15,99.6,1,1,mobile,Germany,1
60,15,10,38.0,1,1,desktop,Spain,1
35,7,5,28.5,0,0,mobile,UK,1
47,34,10,66.0,0,1,smart_tv,Denmark,1
21,14,20,7.9,2,0,mobile,Germany,0
69,22,5,0.5,3,0,mobile,Spain,0
43,25,15,42.1,0,1,desktop,UK,1
56,18,10,39.2,1,0,smart_tv,Denmark,1
30,3,5,10.3,1,0,mobile,Germany,1
37,36,5,77.0,0,1,desktop,Spain,1
70,36,20,99.3,0,0,mobile,UK,1
41,17,10,43.0,0,0,desktop,Denmark,1
23,6,5,21.0,0,1,mobile,Germany,1
65,32,15,72.5,0,1,smart_tv,Spain,1
52,13,10,31.0,1,0,desktop,UK,1
19,30,5,1.5,2,0,smart_tv,Denmark,1
40,29,10,63.5,0,0,mobile,Germany,1
26,11,20,11.0,1,0,mobile,Spain,0
39,22,10,54.5,0,1,desktop,UK,1
51,34,5,95.5,0,0,smart_tv,Denmark,1
70,4,15,0.6,3,1,mobile,Germany,0
61,16,10,40.0,1,1,desktop,Spain,1
34,8,5,31.0,0,0,mobile,UK,1
46,35,10,68.0,0,1,smart_tv,Denmark,1
20,15,20,8.5,2,0,mobile,Germany,0
18,28,10,99.5,0,1,desktop,Spain,1
42,26,15,44.1,0,1,desktop,UK,1
57,19,10,41.0,1,0,smart_tv,Denmark,1
32,2,5,8.5,1,0,mobile,Germany,1
38,36,5,79.0,0,1,desktop,Spain,1
69,8,20,0.8,3,0,mobile,UK,0
41,18,10,45.0,0,0,desktop,Denmark,1
25,7,5,23.0,0,1,mobile,Germany,1
63,33,15,75.0,0,1,smart_tv,Spain,1
54,14,10,33.0,1,0,desktop,UK,1
70,15,5,100.0,0,1,smart_tv,Denmark,1
40,30,10,65.5,0,0,mobile,Germany,1
27,12,20,11.9,1,0,mobile,Spain,0
39,23,10,56.5,0,1,desktop,UK,1
50,35,5,97.0,0,0,smart_tv,Denmark,1
18,3,20,0.3,2,1,mobile,Germany,0
60,17,10,42.0,1,1,desktop,Spain,1
35,9,5,33.5,0,0,mobile,UK,1
47,36,10,70.0,0,1,smart_tv,Denmark,1
21,16,20,9.2,2,0,mobile,Germany,0
69,5,5,99.2,1,0,desktop,Spain,1
43,27,15,46.1,0,1,desktop,UK,1
42,18,10,35.5,1,0,desktop,Denmark,1
35,5,10,12.1,1,1,mobile,Germany,1
51,28,5,65.0,0,0,smart_tv,Spain,1
25,1,15,2.5,4,1,desktop,UK,0
60,15,20,5.0,1,0,mobile,UK,0
40,10,10,25.0,0,1,mobile,Denmark,1
30,30,15,40.0,0,0,desktop,Germany,1
65,2,5,4.1,1,0,smart_tv,Spain,0
55,22,10,55.5,1,1,mobile,UK,1
22,12,20,3.5,0,0,desktop,Denmark,0
45,36,15,80.0,0,1,smart_tv,Germany,1
33,6,5,15.0,2,0,mobile,Spain,1
70,19,10,38.8,1,0,mobile,UK,1
18,3,15,7.9,1,1,desktop,Denmark,1
48,24,20,10.2,0,0,smart_tv,Germany,0
37,9,10,20.0,0,1,mobile,Spain,1
28,14,5,28.5,1,0,desktop,UK,1
58,35,10,75.0,0,1,smart_tv,Denmark,1
44,7,15,18.0,2,0,mobile,Germany,0
39,25,20,8.1,0,0,mobile,Spain,0
50,8,20,18.0,1,1,desktop,UK,1
62,11,5,24.5,0,0,smart_tv,Denmark,1
20,32,10,70.0,0,1,mobile,Germany,1
31,4,15,10.5,1,0,desktop,Spain,0
46,16,20,8.8,1,0,smart_tv,UK,0
26,29,5,50.0,0,1,mobile,Denmark,1
53,13,10,30.0,0,0,desktop,Germany,1
41,26,15,60.1,0,1,mobile,Spain,1
34,17,5,33.3,1,0,smart_tv,UK,1
68,10,20,6.7,0,0,mobile,Denmark,0
23,21,10,45.0,0,1,desktop,Germany,1
56,27,15,55.0,1,0,mobile,Spain,1
38,3,5,5.2,0,1,smart_tv,UK,1
49,20,10,40.0,2,0,mobile,Denmark,1
61,1,20,1.5,2,0,desktop,Germany,0
43,34,5,85.0,0,1,mobile,Spain,1
29,15,10,28.0,1,0,smart_tv,UK,1
52,6,15,14.0,0,1,desktop,Denmark,1
66,31,20,12.0,0,0,mobile,Germany,0
27,12,10,24.0,0,1,mobile,Spain,1
47,2,5,3.0,1,0,smart_tv,UK,0
69,23,10,52.0,1,1,desktop,Denmark,1
19,7,15,16.5,2,0,mobile,Germany,0
36,36,20,15.0,0,0,smart_tv,Spain,0
54,18,10,36.0,0,1,mobile,UK,1
24,16,5,31.0,0,0,desktop,Denmark,1
57,19,20,9.5,1,0,mobile,Germany,0
40,33,15,75.0,0,1,smart_tv,Spain,1
63,4,10,8.0,1,0,mobile,UK,0
32,28,5,62.0,0,0,desktop,Denmark,1
45,11,20,4.5,0,0,mobile,Germany,0
50,25,10,50.0,0,1,smart_tv,Spain,1
21,5,15,12.5,1,1,mobile,UK,1
67,14,5,27.0,0,0,desktop,Denmark,1
35,8,20,3.8,0,0,mobile,Germany,0
42,30,10,65.0,0,1,smart_tv,Spain,1
58,1,15,0.5,1,0,mobile,UK,0
28,22,5,45.0,1,1,desktop,Denmark,1
48,9,20,2.0,0,0,mobile,Germany,0
60,36,10,78.0,0,1,smart_tv,Spain,1
37,17,15,30.5,1,0,mobile,UK,1
25,29,5,60.0,0,0,desktop,Denmark,1
55,10,20,1.0,0,0,mobile,Germany,0
44,2,10,5.5,2,1,smart_tv,Spain,0
30,35,15,80.0,0,1,mobile,UK,1
62,13,5,26.0,1,0,desktop,Denmark,1
31,18,20,7.5,0,0,mobile,Germany,0
65,24,10,55.0,0,1,smart_tv,Spain,1
41,6,15,15.0,2,0,mobile,UK,0
20,32,5,70.0,0,1,desktop,Denmark,1
53,15,20,6.0,1,0,mobile,Germany,0
70,26,10,58.0,0,0,smart_tv,Spain,1
34,2,15,4.5,1,1,mobile,UK,0
46,20,5,40.5,0,0,desktop,Denmark,1
39,7,20,3.0,0,0,mobile,Germany,0
22,34,10,72.0,1,1,smart_tv,Spain,1
56,19,15,37.0,1,0,mobile,UK,1
68,12,5,23.5,0,1,desktop,Denmark,1
18,28,20,8.5,0,0,mobile,Germany,0
47,3,10,6.8,1,1,smart_tv,Spain,1
61,31,15,65.0,0,0,mobile,UK,1
26,17,5,34.0,1,0,desktop,Denmark,1
51,11,20,4.0,0,0,mobile,Germany,0
33,24,10,50.5,0,1,smart_tv,Spain,1
59,5,15,11.0,2,1,mobile,UK,0
43,30,5,63.0,0,0,desktop,Denmark,1
29,9,20,5.8,1,0,mobile,Germany,0
66,27,10,60.0,0,1,smart_tv,Spain,1
38,1,15,1.0,1,0,mobile,UK,0
49,21,5,42.0,0,1,desktop,Denmark,1
23,14,20,5.2,0,0,mobile,Germany,0
50,36,10,85.0,0,1,smart_tv,Spain,1
64,8,15,18.5,1,0,mobile,UK,1
35,22,5,46.0,1,0,desktop,Denmark,1
42,3,20,2.5,1,0,mobile,Germany,0
55,30,10,62.0,0,1,smart_tv,Spain,1
20,16,15,28.0,0,1,mobile,UK,1
70,25,5,55.0,0,0,desktop,Denmark,1
48,12,20,4.8,1,0,mobile,Germany,0
31,33,10,68.0,0,1,smart_tv,Spain,1
60,7,15,17.5,1,0,mobile,UK,1
24,19,5,39.0,0,1,desktop,Denmark,1
52,15,20,7.1,0,0,mobile,Germany,0
40,2,10,4.0,1,1,smart_tv,Spain,0
65,36,15,85.0,0,0,mobile,UK,1
30,10,5,20.5,0,0,desktop,Denmark,1
44,26,20,10.0,0,0,mobile,Germany,0
58,6,10,13.5,1,1,smart_tv,Spain,1
37,34,15,70.0,0,1,mobile,UK,1
21,1,5,1.5,1,0,desktop,Denmark,0
50,22,20,9.0,0,0,mobile,Germany,0
62,17,10,32.0,1,0,smart_tv,Spain,1
35,3,15,6.5,1,1,mobile,UK,1
45,27,5,58.0,0,1,desktop,Denmark,1
29,13,20,5.5,0,0,mobile,Germany,0
56,35,10,75.0,0,0,smart_tv,Spain,1
41,4,15,8.0,1,1,mobile,UK,1
66,20,5,40.0,1,0,desktop,Denmark,1
33,16,20,6.5,0,0,mobile,Germany,0
47,32,10,65.0,0,1,smart_tv,Spain,1
59,9,15,20.0,2,0,mobile,UK,0
23,23,5,48.0,0,1,desktop,Denmark,1
38,18,20,8.0,1,0,mobile,Germany,0
49,1,10,2.0,2,0,smart_tv,Spain,0
64,29,15,60.0,0,1,mobile,UK,1
28,11,5,22.0,0,0,desktop,Denmark,1
50,25,20,10.5,0,0,mobile,Germany,0
36,8,10,17.0,1,1,smart_tv,Spain,1
67,31,15,68.0,0,0,mobile,UK,1
25,3,5,5.0,1,0,desktop,Denmark,0
40,14,20,6.8,0,0,mobile,Germany,0
53,28,10,60.0,0,1,smart_tv,Spain,1
32,15,10,42.1,0,0,desktop,Germany,1
45,6,5,11.8,1,1,mobile,UK,1
58,28,15,75.3,0,0,smart_tv,Spain,1
22,2,20,5.9,1,0,mobile,Denmark,0
48,30,20,85.5,0,1,smart_tv,Spain,1
36,9,10,33.7,0,1,desktop,Germany,1
51,20,5,58.4,0,0,mobile,UK,1
29,1,15,1.2,1,0,smart_tv,Denmark,0
63,36,10,92.0,0,1,desktop,Spain,1
25,6,15,62.9,1,0,mobile,UK,1
41,18,10,48.6,0,0,mobile,Germany,1
38,3,5,19.4,2,1,desktop,Denmark,1
55,25,10,67.8,0,0,smart_tv,Spain,1
27,11,10,31.0,1,1,mobile,UK,1
60,33,15,70.4,0,1,desktop,Germany,1
31,4,20,15.6,0,0,mobile,Denmark,0
44,16,5,39.2,0,1,smart_tv,Spain,1
68,10,10,25.8,0,0,desktop,UK,1
19,7,10,20.3,1,1,mobile,Germany,1
34,14,20,60.1,2,0,smart_tv,Denmark,1
50,35,10,88.9,0,0,desktop,Spain,1
47,19,5,45.0,0,1,mobile,UK,1
65,8,15,22.4,1,0,smart_tv,Germany,0
28,3,10,8.7,1,0,desktop,Denmark,0
53,22,15,78.2,0,1,mobile,UK,1
42,13,10,37.5,0,1,smart_tv,Spain,1
30,2,5,14.1,2,0,mobile,Germany,1
56,31,20,50.8,1,0,desktop,Denmark,0
24,5,10,18.2,0,0,mobile,UK,1
62,36,20,69.5,1,1,smart_tv,Germany,1
37,29,5,79.1,0,0,desktop,Spain,1
49,17,10,44.3,0,1,mobile,Denmark,1
21,1,15,4.5,1,0,smart_tv,UK,0
69,24,10,65.2,0,0,desktop,Germany,1
33,12,15,67.4,0,1,mobile,Denmark,1
57,7,20,21.9,1,0,smart_tv,Spain,0
23,3,5,9.8,1,1,desktop,UK,1
46,26,10,72.5,0,0,mobile,Germany,1
61,18,10,47.1,1,1,smart_tv,Denmark,1
26,4,20,65.3,0,1,desktop,Spain,1
40,34,5,83.4,0,0,mobile,UK,1
52,21,15,55.7,1,0,smart_tv,Germany,1
35,1,10,2.8,2,1,desktop,Denmark,0
59,16,10,40.0,0,0,mobile,Spain,1
20,5,15,68.1,1,0,smart_tv,UK,1
64,32,5,81.3,0,1,desktop,Germany,1
18,9,10,24.6,1,0,mobile,Denmark,1
67,27,10,74.9,0,0,smart_tv,Spain,1
29,14,20,5.1,0,1,desktop,UK,0
43,8,15,66.8,0,1,mobile,Germany,1
54,23,5,62.0,0,0,smart_tv,Denmark,1
39,11,10,30.2,1,1,desktop,Spain,1
66,3,10,6.7,2,0,mobile,UK,0
70,36,15,73.0,0,1,smart_tv,Germany,1
31,19,5,49.3,0,0,desktop,Denmark,1
44,2,20,3.4,1,0,mobile,Spain,0
50,28,10,77.8,0,1,smart_tv,UK,1
47,13,15,61.4,1,0,desktop,Germany,1
55,34,10,86.1,0,0,mobile,Denmark,1
22,6,5,16.5,0,1,smart_tv,Spain,1
37,15,20,5.0,1,0,desktop,UK,0
48,24,10,64.7,0,1,mobile,Germany,1
63,7,15,60.9,1,0,smart_tv,Denmark,1
25,17,20,63.8,0,1,desktop,Spain,1
41,30,5,80.5,0,0,mobile,UK,1
34,10,10,28.3,1,0,smart_tv,Germany,1
58,4,15,13.9,0,1,desktop,Denmark,0
27,33,10,89.9,0,0,mobile,Spain,1
60,12,20,69.4,1,1,smart_tv,UK,1
32,18,5,43.6,0,0,desktop,Germany,1
45,2,10,7.5,1,0,mobile,Denmark,0
51,26,15,59.1,0,0,smart_tv,Spain,1
29,16,20,60.5,0,1,desktop,UK,1
65,35,10,95.8,0,0,mobile,Germany,1
23,8,5,23.1,1,1,smart_tv,Denmark,1
56,29,10,78.5,0,1,desktop,Spain,1
30,3,20,4.1,1,0,mobile,UK,0
42,20,15,63.6,0,1,smart_tv,Germany,1
40,27,5,75.9,0,0,desktop,Denmark,1
52,1,10,0.0,1,1,mobile,Spain,0
59,21,15,52.3,1,0,smart_tv,UK,1
35,6,20,60.7,0,1,desktop,Germany,1
49,32,5,87.2,0,0,mobile,Denmark,1
21,14,10,38.6,0,1,smart_tv,Spain,1
64,2,15,5.7,1,0,desktop,UK,0
36,25,20,67.9,1,1,mobile,Germany,1
46,17,5,46.2,0,0,smart_tv,Denmark,1
61,36,10,98.4,0,1,desktop,Spain,1
24,5,15,17.6,1,0,mobile,UK,0
57,18,20,65.0,0,1,smart_tv,Germany,1
33,31,5,82.8,0,0,desktop,Denmark,1
48,4,10,15.2,1,0,mobile,Spain,0
63,23,15,58.7,1,1,smart_tv,UK,1
26,7,20,68.3,0,0,desktop,Germany,1
38,30,5,81.9,0,1,mobile,Denmark,1
54,13,10,35.1,1,0,smart_tv,Spain,1
28,2,15,3.0,2,1,desktop,UK,0
43,24,20,64.2,0,0,mobile,Germany,1
50,33,5,84.7,0,1,smart_tv,Denmark,1
31,19,10,48.0,0,0,desktop,Spain,1
44,8,15,23.5,1,1,mobile,UK,1
60,1,20,1.9,1,0,smart_tv,Germany,0
32,22,20,66.5,0,1,desktop,Denmark,1
45,35,5,90.1,0,0,mobile,Spain,1
51,9,10,25.4,1,0,smart_tv,UK,1
27,16,15,41.5,0,1,desktop,Germany,1
65,3,5,11.5,2,0,mobile,Denmark,1
29,28,20,62.1,1,0,smart_tv,Spain,1
41,11,10,29.9,0,1,desktop,UK,1
34,27,15,75.2,0,0,mobile,Germany,1
58,5,5,16.9,1,0,smart_tv,Denmark,1
23,36,20,80.8,0,1,desktop,Spain,1
56,14,10,36.8,0,0,mobile,UK,1
30,2,15,4.8,1,1,smart_tv,Germany,0
42,31,5,83.9,0,0,desktop,Denmark,1
59,7,10,20.9,1,1,mobile,Spain,1
64,33,20,69.9,0,0,smart_tv,UK,1
37,17,15,64.8,0,1,desktop,Germany,1
48,29,5,80.1,0,0,mobile,Denmark,1
63,12,10,32.5,1,0,smart_tv,Spain,1
25,1,15,0.8,1,0,desktop,UK,0
41,24,20,72.4,0,1,mobile,Germany,1
34,34,5,86.6,0,0,smart_tv,Denmark,1
58,6,10,19.8,1,1,desktop,Spain,1
27,20,15,51.2,1,0,mobile,UK,1
60,3,20,6.3,1,0,smart_tv,Germany,0
32,26,20,61.8,0,1,desktop,Denmark,1
45,36,5,92.4,0,0,mobile,Spain,1
51,15,10,39.5,1,1,smart_tv,UK,1
29,13,15,34.0,0,0,desktop,Germany,1
